emotion,audio_path
Surprise,/content/drive/My Drive/BDC_DATASET/audio/train/audio_1.wav
Surprise,/content/drive/My Drive/BDC_DATASET/audio/train/audio_2.wav
Surprise,/content/drive/My Drive/BDC_DATASET/audio/train/audio_3.wav
Surprise,/content/drive/My Drive/BDC_DATASET/audio/train/audio_4.wav
Proud,/content/drive/My Drive/BDC_DATASET/audio/train/audio_5.wav
Surprise,/content/drive/My Drive/BDC_DATASET/audio/train/audio_6.wav
Proud,/content/drive/My Drive/BDC_DATASET/audio/train/audio_7.wav
Proud,/content/drive/My Drive/BDC_DATASET/audio/train/audio_8.wav
Trust,/content/drive/My Drive/BDC_DATASET/audio/train/audio_9.wav
Surprise,/content/drive/My Drive/BDC_DATASET/audio/train/audio_10.wav
Proud,/content/drive/My Drive/BDC_DATASET/audio/train/audio_11.wav
Trust,/content/drive/My Drive/BDC_DATASET/audio/train/audio_12.wav
Trust,/content/drive/My Drive/BDC_DATASET/audio/train/audio_13.wav
Trust,/content/drive/My Drive/BDC_DATASET/audio/train/audio_14.wav
Surprise,/content/drive/My Drive/BDC_DATASET/audio/train/audio_15.wav
Surprise,/content/drive/My Drive/BDC_DATASET/audio/train/audio_16.wav
Surprise,/content/drive/My Drive/BDC_DATASET/audio/train/audio_17.wav
Sadness,/content/drive/My Drive/BDC_DATASET/audio/train/audio_18.wav
Trust,/content/drive/My Drive/BDC_DATASET/audio/train/audio_19.wav
Surprise,/content/drive/My Drive/BDC_DATASET/audio/train/audio_20.wav
Surprise,/content/drive/My Drive/BDC_DATASET/audio/train/audio_21.wav
Surprise,/content/drive/My Drive/BDC_DATASET/audio/train/audio_22.wav
Surprise,/content/drive/My Drive/BDC_DATASET/audio/train/audio_23.wav
Surprise,/content/drive/My Drive/BDC_DATASET/audio/train/audio_24.wav
Surprise,/content/drive/My Drive/BDC_DATASET/audio/train/audio_25.wav
Surprise,/content/drive/My Drive/BDC_DATASET/audio/train/audio_26.wav
Surprise,/content/drive/My Drive/BDC_DATASET/audio/train/audio_27.wav
Surprise,/content/drive/My Drive/BDC_DATASET/audio/train/audio_28.wav
Proud,/content/drive/My Drive/BDC_DATASET/audio/train/audio_29.wav
Proud,/content/drive/My Drive/BDC_DATASET/audio/train/audio_30.wav
Surprise,/content/drive/My Drive/BDC_DATASET/audio/train/audio_31.wav
Surprise,/content/drive/My Drive/BDC_DATASET/audio/train/audio_32.wav
Surprise,/content/drive/My Drive/BDC_DATASET/audio/train/audio_33.wav
Joy,/content/drive/My Drive/BDC_DATASET/audio/train/audio_34.wav
Proud,/content/drive/My Drive/BDC_DATASET/audio/train/audio_35.wav
Surprise,/content/drive/My Drive/BDC_DATASET/audio/train/audio_36.wav
Trust,/content/drive/My Drive/BDC_DATASET/audio/train/audio_37.wav
Surprise,/content/drive/My Drive/BDC_DATASET/audio/train/audio_38.wav
Proud,/content/drive/My Drive/BDC_DATASET/audio/train/audio_39.wav
Surprise,/content/drive/My Drive/BDC_DATASET/audio/train/audio_40.wav
Proud,/content/drive/My Drive/BDC_DATASET/audio/train/audio_41.wav
Proud,/content/drive/My Drive/BDC_DATASET/audio/train/audio_42.wav
Anger,/content/drive/My Drive/BDC_DATASET/audio/train/audio_43.wav
Surprise,/content/drive/My Drive/BDC_DATASET/audio/train/audio_44.wav
Joy,/content/drive/My Drive/BDC_DATASET/audio/train/audio_45.wav
Surprise,/content/drive/My Drive/BDC_DATASET/audio/train/audio_46.wav
Surprise,/content/drive/My Drive/BDC_DATASET/audio/train/audio_47.wav
Surprise,/content/drive/My Drive/BDC_DATASET/audio/train/audio_48.wav
Surprise,/content/drive/My Drive/BDC_DATASET/audio/train/audio_49.wav
Joy,/content/drive/My Drive/BDC_DATASET/audio/train/audio_50.wav
Joy,/content/drive/My Drive/BDC_DATASET/audio/train/audio_51.wav
Surprise,/content/drive/My Drive/BDC_DATASET/audio/train/audio_52.wav
Surprise,/content/drive/My Drive/BDC_DATASET/audio/train/audio_53.wav
Joy,/content/drive/My Drive/BDC_DATASET/audio/train/audio_54.wav
Surprise,/content/drive/My Drive/BDC_DATASET/audio/train/audio_55.wav
Joy,/content/drive/My Drive/BDC_DATASET/audio/train/audio_56.wav
Surprise,/content/drive/My Drive/BDC_DATASET/audio/train/audio_57.wav
Surprise,/content/drive/My Drive/BDC_DATASET/audio/train/audio_58.wav
Joy,/content/drive/My Drive/BDC_DATASET/audio/train/audio_59.wav
Surprise,/content/drive/My Drive/BDC_DATASET/audio/train/audio_60.wav
Sadness,/content/drive/My Drive/BDC_DATASET/audio/train/audio_61.wav
Anger,/content/drive/My Drive/BDC_DATASET/audio/train/audio_62.wav
Surprise,/content/drive/My Drive/BDC_DATASET/audio/train/audio_63.wav
Joy,/content/drive/My Drive/BDC_DATASET/audio/train/audio_64.wav
Joy,/content/drive/My Drive/BDC_DATASET/audio/train/audio_65.wav
Joy,/content/drive/My Drive/BDC_DATASET/audio/train/audio_66.wav
Fear,/content/drive/My Drive/BDC_DATASET/audio/train/audio_67.wav
Surprise,/content/drive/My Drive/BDC_DATASET/audio/train/audio_68.wav
Surprise,/content/drive/My Drive/BDC_DATASET/audio/train/audio_69.wav
Joy,/content/drive/My Drive/BDC_DATASET/audio/train/audio_70.wav
Surprise,/content/drive/My Drive/BDC_DATASET/audio/train/audio_71.wav
Surprise,/content/drive/My Drive/BDC_DATASET/audio/train/audio_72.wav
Surprise,/content/drive/My Drive/BDC_DATASET/audio/train/audio_73.wav
Surprise,/content/drive/My Drive/BDC_DATASET/audio/train/audio_74.wav
Proud,/content/drive/My Drive/BDC_DATASET/audio/train/audio_75.wav
Surprise,/content/drive/My Drive/BDC_DATASET/audio/train/audio_77.wav
Proud,/content/drive/My Drive/BDC_DATASET/audio/train/audio_78.wav
Neutral,/content/drive/My Drive/BDC_DATASET/audio/train/audio_79.wav
Proud,/content/drive/My Drive/BDC_DATASET/audio/train/audio_80.wav
Joy,/content/drive/My Drive/BDC_DATASET/audio/train/audio_81.wav
Sadness,/content/drive/My Drive/BDC_DATASET/audio/train/audio_82.wav
Surprise,/content/drive/My Drive/BDC_DATASET/audio/train/audio_83.wav
Trust,/content/drive/My Drive/BDC_DATASET/audio/train/audio_84.wav
Trust,/content/drive/My Drive/BDC_DATASET/audio/train/audio_85.wav
Trust,/content/drive/My Drive/BDC_DATASET/audio/train/audio_86.wav
Proud,/content/drive/My Drive/BDC_DATASET/audio/train/audio_87.wav
Surprise,/content/drive/My Drive/BDC_DATASET/audio/train/audio_88.wav
Surprise,/content/drive/My Drive/BDC_DATASET/audio/train/audio_103.wav
Sadness,/content/drive/My Drive/BDC_DATASET/audio/train/audio_104.wav
Proud,/content/drive/My Drive/BDC_DATASET/audio/train/audio_105.wav
Proud,/content/drive/My Drive/BDC_DATASET/audio/train/audio_106.wav
Surprise,/content/drive/My Drive/BDC_DATASET/audio/train/audio_107.wav
Surprise,/content/drive/My Drive/BDC_DATASET/audio/train/audio_108.wav
Proud,/content/drive/My Drive/BDC_DATASET/audio/train/audio_109.wav
Trust,/content/drive/My Drive/BDC_DATASET/audio/train/audio_110.wav
Joy,/content/drive/My Drive/BDC_DATASET/audio/train/audio_111.wav
Joy,/content/drive/My Drive/BDC_DATASET/audio/train/audio_112.wav
Anger,/content/drive/My Drive/BDC_DATASET/audio/train/audio_113.wav
Surprise,/content/drive/My Drive/BDC_DATASET/audio/train/audio_114.wav
Surprise,/content/drive/My Drive/BDC_DATASET/audio/train/audio_115.wav
Joy,/content/drive/My Drive/BDC_DATASET/audio/train/audio_116.wav
Proud,/content/drive/My Drive/BDC_DATASET/audio/train/audio_117.wav
Proud,/content/drive/My Drive/BDC_DATASET/audio/train/audio_118.wav
Anger,/content/drive/My Drive/BDC_DATASET/audio/train/audio_119.wav
Surprise,/content/drive/My Drive/BDC_DATASET/audio/train/audio_120.wav
Trust,/content/drive/My Drive/BDC_DATASET/audio/train/audio_121.wav
Joy,/content/drive/My Drive/BDC_DATASET/audio/train/audio_122.wav
Joy,/content/drive/My Drive/BDC_DATASET/audio/train/audio_123.wav
Surprise,/content/drive/My Drive/BDC_DATASET/audio/train/audio_124.wav
Proud,/content/drive/My Drive/BDC_DATASET/audio/train/audio_125.wav
Proud,/content/drive/My Drive/BDC_DATASET/audio/train/audio_126.wav
Proud,/content/drive/My Drive/BDC_DATASET/audio/train/audio_127.wav
Surprise,/content/drive/My Drive/BDC_DATASET/audio/train/audio_128.wav
Surprise,/content/drive/My Drive/BDC_DATASET/audio/train/audio_129.wav
Surprise,/content/drive/My Drive/BDC_DATASET/audio/train/audio_130.wav
Surprise,/content/drive/My Drive/BDC_DATASET/audio/train/audio_131.wav
Sadness,/content/drive/My Drive/BDC_DATASET/audio/train/audio_132.wav
Surprise,/content/drive/My Drive/BDC_DATASET/audio/train/audio_133.wav
Anger,/content/drive/My Drive/BDC_DATASET/audio/train/audio_134.wav
Proud,/content/drive/My Drive/BDC_DATASET/audio/train/audio_135.wav
Anger,/content/drive/My Drive/BDC_DATASET/audio/train/audio_136.wav
Surprise,/content/drive/My Drive/BDC_DATASET/audio/train/audio_137.wav
Proud,/content/drive/My Drive/BDC_DATASET/audio/train/audio_138.wav
Surprise,/content/drive/My Drive/BDC_DATASET/audio/train/audio_139.wav
Surprise,/content/drive/My Drive/BDC_DATASET/audio/train/audio_140.wav
Surprise,/content/drive/My Drive/BDC_DATASET/audio/train/audio_141.wav
Surprise,/content/drive/My Drive/BDC_DATASET/audio/train/audio_142.wav
Surprise,/content/drive/My Drive/BDC_DATASET/audio/train/audio_143.wav
Surprise,/content/drive/My Drive/BDC_DATASET/audio/train/audio_144.wav
Sadness,/content/drive/My Drive/BDC_DATASET/audio/train/audio_145.wav
Surprise,/content/drive/My Drive/BDC_DATASET/audio/train/audio_146.wav
Surprise,/content/drive/My Drive/BDC_DATASET/audio/train/audio_147.wav
Trust,/content/drive/My Drive/BDC_DATASET/audio/train/audio_148.wav
Surprise,/content/drive/My Drive/BDC_DATASET/audio/train/audio_149.wav
Trust,/content/drive/My Drive/BDC_DATASET/audio/train/audio_150.wav
Proud,/content/drive/My Drive/BDC_DATASET/audio/train/audio_151.wav
Trust,/content/drive/My Drive/BDC_DATASET/audio/train/audio_152.wav
Surprise,/content/drive/My Drive/BDC_DATASET/audio/train/audio_153.wav
Trust,/content/drive/My Drive/BDC_DATASET/audio/train/audio_154.wav
Surprise,/content/drive/My Drive/BDC_DATASET/audio/train/audio_155.wav
Surprise,/content/drive/My Drive/BDC_DATASET/audio/train/audio_156.wav
Trust,/content/drive/My Drive/BDC_DATASET/audio/train/audio_157.wav
Surprise,/content/drive/My Drive/BDC_DATASET/audio/train/audio_158.wav
Surprise,/content/drive/My Drive/BDC_DATASET/audio/train/audio_159.wav
Surprise,/content/drive/My Drive/BDC_DATASET/audio/train/audio_160.wav
Surprise,/content/drive/My Drive/BDC_DATASET/audio/train/audio_161.wav
Surprise,/content/drive/My Drive/BDC_DATASET/audio/train/audio_162.wav
Trust,/content/drive/My Drive/BDC_DATASET/audio/train/audio_163.wav
Surprise,/content/drive/My Drive/BDC_DATASET/audio/train/audio_164.wav
Proud,/content/drive/My Drive/BDC_DATASET/audio/train/audio_165.wav
Proud,/content/drive/My Drive/BDC_DATASET/audio/train/audio_166.wav
Anger,/content/drive/My Drive/BDC_DATASET/audio/train/audio_167.wav
Surprise,/content/drive/My Drive/BDC_DATASET/audio/train/audio_168.wav
Trust,/content/drive/My Drive/BDC_DATASET/audio/train/audio_169.wav
Joy,/content/drive/My Drive/BDC_DATASET/audio/train/audio_170.wav
Surprise,/content/drive/My Drive/BDC_DATASET/audio/train/audio_171.wav
Surprise,/content/drive/My Drive/BDC_DATASET/audio/train/audio_172.wav
Surprise,/content/drive/My Drive/BDC_DATASET/audio/train/audio_173.wav
Trust,/content/drive/My Drive/BDC_DATASET/audio/train/audio_174.wav
Surprise,/content/drive/My Drive/BDC_DATASET/audio/train/audio_175.wav
Surprise,/content/drive/My Drive/BDC_DATASET/audio/train/audio_176.wav
Proud,/content/drive/My Drive/BDC_DATASET/audio/train/audio_177.wav
Surprise,/content/drive/My Drive/BDC_DATASET/audio/train/audio_178.wav
Surprise,/content/drive/My Drive/BDC_DATASET/audio/train/audio_179.wav
Surprise,/content/drive/My Drive/BDC_DATASET/audio/train/audio_180.wav
Surprise,/content/drive/My Drive/BDC_DATASET/audio/train/audio_181.wav
Trust,/content/drive/My Drive/BDC_DATASET/audio/train/audio_182.wav
Surprise,/content/drive/My Drive/BDC_DATASET/audio/train/audio_183.wav
Surprise,/content/drive/My Drive/BDC_DATASET/audio/train/audio_184.wav
Surprise,/content/drive/My Drive/BDC_DATASET/audio/train/audio_185.wav
Surprise,/content/drive/My Drive/BDC_DATASET/audio/train/audio_186.wav
Surprise,/content/drive/My Drive/BDC_DATASET/audio/train/audio_187.wav
Surprise,/content/drive/My Drive/BDC_DATASET/audio/train/audio_188.wav
Surprise,/content/drive/My Drive/BDC_DATASET/audio/train/audio_189.wav
Trust,/content/drive/My Drive/BDC_DATASET/audio/train/audio_190.wav
Surprise,/content/drive/My Drive/BDC_DATASET/audio/train/audio_191.wav
Surprise,/content/drive/My Drive/BDC_DATASET/audio/train/audio_192.wav
Proud,/content/drive/My Drive/BDC_DATASET/audio/train/audio_193.wav
Surprise,/content/drive/My Drive/BDC_DATASET/audio/train/audio_194.wav
Trust,/content/drive/My Drive/BDC_DATASET/audio/train/audio_195.wav
Surprise,/content/drive/My Drive/BDC_DATASET/audio/train/audio_196.wav
Surprise,/content/drive/My Drive/BDC_DATASET/audio/train/audio_197.wav
Proud,/content/drive/My Drive/BDC_DATASET/audio/train/audio_198.wav
Anger,/content/drive/My Drive/BDC_DATASET/audio/train/audio_199.wav
Proud,/content/drive/My Drive/BDC_DATASET/audio/train/audio_200.wav
Surprise,/content/drive/My Drive/BDC_DATASET/audio/train/audio_201.wav
Proud,/content/drive/My Drive/BDC_DATASET/audio/train/audio_202.wav
Proud,/content/drive/My Drive/BDC_DATASET/audio/train/audio_203.wav
Proud,/content/drive/My Drive/BDC_DATASET/audio/train/audio_204.wav
Proud,/content/drive/My Drive/BDC_DATASET/audio/train/audio_205.wav
Trust,/content/drive/My Drive/BDC_DATASET/audio/train/audio_206.wav
Trust,/content/drive/My Drive/BDC_DATASET/audio/train/audio_207.wav
Surprise,/content/drive/My Drive/BDC_DATASET/audio/train/audio_208.wav
Trust,/content/drive/My Drive/BDC_DATASET/audio/train/audio_209.wav
Trust,/content/drive/My Drive/BDC_DATASET/audio/train/audio_210.wav
Trust,/content/drive/My Drive/BDC_DATASET/audio/train/audio_211.wav
Surprise,/content/drive/My Drive/BDC_DATASET/audio/train/audio_212.wav
Surprise,/content/drive/My Drive/BDC_DATASET/audio/train/audio_213.wav
Proud,/content/drive/My Drive/BDC_DATASET/audio/train/audio_214.wav
Surprise,/content/drive/My Drive/BDC_DATASET/audio/train/audio_215.wav
Trust,/content/drive/My Drive/BDC_DATASET/audio/train/audio_216.wav
Trust,/content/drive/My Drive/BDC_DATASET/audio/train/audio_217.wav
Sadness,/content/drive/My Drive/BDC_DATASET/audio/train/audio_218.wav
Trust,/content/drive/My Drive/BDC_DATASET/audio/train/audio_219.wav
Surprise,/content/drive/My Drive/BDC_DATASET/audio/train/audio_220.wav
Surprise,/content/drive/My Drive/BDC_DATASET/audio/train/audio_221.wav
Proud,/content/drive/My Drive/BDC_DATASET/audio/train/audio_222.wav
Surprise,/content/drive/My Drive/BDC_DATASET/audio/train/audio_223.wav
Surprise,/content/drive/My Drive/BDC_DATASET/audio/train/audio_224.wav
Proud,/content/drive/My Drive/BDC_DATASET/audio/train/audio_225.wav
Trust,/content/drive/My Drive/BDC_DATASET/audio/train/audio_226.wav
Surprise,/content/drive/My Drive/BDC_DATASET/audio/train/audio_227.wav
Proud,/content/drive/My Drive/BDC_DATASET/audio/train/audio_228.wav
Surprise,/content/drive/My Drive/BDC_DATASET/audio/train/audio_229.wav
Proud,/content/drive/My Drive/BDC_DATASET/audio/train/audio_230.wav
Trust,/content/drive/My Drive/BDC_DATASET/audio/train/audio_231.wav
Trust,/content/drive/My Drive/BDC_DATASET/audio/train/audio_232.wav
Trust,/content/drive/My Drive/BDC_DATASET/audio/train/audio_233.wav
Proud,/content/drive/My Drive/BDC_DATASET/audio/train/audio_234.wav
Surprise,/content/drive/My Drive/BDC_DATASET/audio/train/audio_235.wav
Surprise,/content/drive/My Drive/BDC_DATASET/audio/train/audio_236.wav
Surprise,/content/drive/My Drive/BDC_DATASET/audio/train/audio_237.wav
Proud,/content/drive/My Drive/BDC_DATASET/audio/train/audio_238.wav
Trust,/content/drive/My Drive/BDC_DATASET/audio/train/audio_239.wav
Surprise,/content/drive/My Drive/BDC_DATASET/audio/train/audio_240.wav
Proud,/content/drive/My Drive/BDC_DATASET/audio/train/audio_241.wav
Trust,/content/drive/My Drive/BDC_DATASET/audio/train/audio_242.wav
Surprise,/content/drive/My Drive/BDC_DATASET/audio/train/audio_244.wav
Surprise,/content/drive/My Drive/BDC_DATASET/audio/train/audio_247.wav
Trust,/content/drive/My Drive/BDC_DATASET/audio/train/audio_253.wav
Surprise,/content/drive/My Drive/BDC_DATASET/audio/train/audio_254.wav
Surprise,/content/drive/My Drive/BDC_DATASET/audio/train/audio_255.wav
Proud,/content/drive/My Drive/BDC_DATASET/audio/train/audio_256.wav
Joy,/content/drive/My Drive/BDC_DATASET/audio/train/audio_257.wav
Trust,/content/drive/My Drive/BDC_DATASET/audio/train/audio_258.wav
Proud,/content/drive/My Drive/BDC_DATASET/audio/train/audio_259.wav
Surprise,/content/drive/My Drive/BDC_DATASET/audio/train/audio_260.wav
Surprise,/content/drive/My Drive/BDC_DATASET/audio/train/audio_261.wav
Trust,/content/drive/My Drive/BDC_DATASET/audio/train/audio_262.wav
Surprise,/content/drive/My Drive/BDC_DATASET/audio/train/audio_263.wav
Joy,/content/drive/My Drive/BDC_DATASET/audio/train/audio_264.wav
Trust,/content/drive/My Drive/BDC_DATASET/audio/train/audio_265.wav
Proud,/content/drive/My Drive/BDC_DATASET/audio/train/audio_266.wav
Surprise,/content/drive/My Drive/BDC_DATASET/audio/train/audio_267.wav
Joy,/content/drive/My Drive/BDC_DATASET/audio/train/audio_268.wav
Proud,/content/drive/My Drive/BDC_DATASET/audio/train/audio_269.wav
Surprise,/content/drive/My Drive/BDC_DATASET/audio/train/audio_270.wav
Trust,/content/drive/My Drive/BDC_DATASET/audio/train/audio_271.wav
Trust,/content/drive/My Drive/BDC_DATASET/audio/train/audio_272.wav
Joy,/content/drive/My Drive/BDC_DATASET/audio/train/audio_273.wav
Surprise,/content/drive/My Drive/BDC_DATASET/audio/train/audio_274.wav
Surprise,/content/drive/My Drive/BDC_DATASET/audio/train/audio_275.wav
Surprise,/content/drive/My Drive/BDC_DATASET/audio/train/audio_276.wav
Trust,/content/drive/My Drive/BDC_DATASET/audio/train/audio_277.wav
Joy,/content/drive/My Drive/BDC_DATASET/audio/train/audio_278.wav
Joy,/content/drive/My Drive/BDC_DATASET/audio/train/audio_279.wav
Joy,/content/drive/My Drive/BDC_DATASET/audio/train/audio_280.wav
Trust,/content/drive/My Drive/BDC_DATASET/audio/train/audio_281.wav
Joy,/content/drive/My Drive/BDC_DATASET/audio/train/audio_282.wav
Joy,/content/drive/My Drive/BDC_DATASET/audio/train/audio_283.wav
Trust,/content/drive/My Drive/BDC_DATASET/audio/train/audio_284.wav
Trust,/content/drive/My Drive/BDC_DATASET/audio/train/audio_285.wav
Surprise,/content/drive/My Drive/BDC_DATASET/audio/train/audio_286.wav
Neutral,/content/drive/My Drive/BDC_DATASET/audio/train/audio_287.wav
Proud,/content/drive/My Drive/BDC_DATASET/audio/train/audio_288.wav
Surprise,/content/drive/My Drive/BDC_DATASET/audio/train/audio_289.wav
Surprise,/content/drive/My Drive/BDC_DATASET/audio/train/audio_290.wav
Proud,/content/drive/My Drive/BDC_DATASET/audio/train/audio_291.wav
Trust,/content/drive/My Drive/BDC_DATASET/audio/train/audio_292.wav
Proud,/content/drive/My Drive/BDC_DATASET/audio/train/audio_293.wav
Surprise,/content/drive/My Drive/BDC_DATASET/audio/train/audio_294.wav
Anger,/content/drive/My Drive/BDC_DATASET/audio/train/audio_295.wav
Anger,/content/drive/My Drive/BDC_DATASET/audio/train/audio_296.wav
Surprise,/content/drive/My Drive/BDC_DATASET/audio/train/audio_297.wav
Anger,/content/drive/My Drive/BDC_DATASET/audio/train/audio_298.wav
Surprise,/content/drive/My Drive/BDC_DATASET/audio/train/audio_299.wav
Surprise,/content/drive/My Drive/BDC_DATASET/audio/train/audio_300.wav
Anger,/content/drive/My Drive/BDC_DATASET/audio/train/audio_301.wav
Trust,/content/drive/My Drive/BDC_DATASET/audio/train/audio_302.wav
Surprise,/content/drive/My Drive/BDC_DATASET/audio/train/audio_303.wav
Proud,/content/drive/My Drive/BDC_DATASET/audio/train/audio_304.wav
Surprise,/content/drive/My Drive/BDC_DATASET/audio/train/audio_305.wav
Surprise,/content/drive/My Drive/BDC_DATASET/audio/train/audio_306.wav
Surprise,/content/drive/My Drive/BDC_DATASET/audio/train/audio_307.wav
Surprise,/content/drive/My Drive/BDC_DATASET/audio/train/audio_308.wav
Surprise,/content/drive/My Drive/BDC_DATASET/audio/train/audio_309.wav
Surprise,/content/drive/My Drive/BDC_DATASET/audio/train/audio_310.wav
Trust,/content/drive/My Drive/BDC_DATASET/audio/train/audio_311.wav
Proud,/content/drive/My Drive/BDC_DATASET/audio/train/audio_312.wav
Surprise,/content/drive/My Drive/BDC_DATASET/audio/train/audio_313.wav
Surprise,/content/drive/My Drive/BDC_DATASET/audio/train/audio_314.wav
Surprise,/content/drive/My Drive/BDC_DATASET/audio/train/audio_315.wav
Surprise,/content/drive/My Drive/BDC_DATASET/audio/train/audio_316.wav
Surprise,/content/drive/My Drive/BDC_DATASET/audio/train/audio_317.wav
Surprise,/content/drive/My Drive/BDC_DATASET/audio/train/audio_318.wav
Anger,/content/drive/My Drive/BDC_DATASET/audio/train/audio_319.wav
Surprise,/content/drive/My Drive/BDC_DATASET/audio/train/audio_320.wav
Surprise,/content/drive/My Drive/BDC_DATASET/audio/train/audio_321.wav
Surprise,/content/drive/My Drive/BDC_DATASET/audio/train/audio_322.wav
Surprise,/content/drive/My Drive/BDC_DATASET/audio/train/audio_323.wav
Trust,/content/drive/My Drive/BDC_DATASET/audio/train/audio_324.wav
Trust,/content/drive/My Drive/BDC_DATASET/audio/train/audio_325.wav
Trust,/content/drive/My Drive/BDC_DATASET/audio/train/audio_326.wav
Surprise,/content/drive/My Drive/BDC_DATASET/audio/train/audio_327.wav
Surprise,/content/drive/My Drive/BDC_DATASET/audio/train/audio_328.wav
Proud,/content/drive/My Drive/BDC_DATASET/audio/train/audio_329.wav
Trust,/content/drive/My Drive/BDC_DATASET/audio/train/audio_330.wav
Trust,/content/drive/My Drive/BDC_DATASET/audio/train/audio_331.wav
Proud,/content/drive/My Drive/BDC_DATASET/audio/train/audio_332.wav
Proud,/content/drive/My Drive/BDC_DATASET/audio/train/audio_333.wav
Surprise,/content/drive/My Drive/BDC_DATASET/audio/train/audio_334.wav
Proud,/content/drive/My Drive/BDC_DATASET/audio/train/audio_335.wav
Proud,/content/drive/My Drive/BDC_DATASET/audio/train/audio_336.wav
Surprise,/content/drive/My Drive/BDC_DATASET/audio/train/audio_337.wav
Proud,/content/drive/My Drive/BDC_DATASET/audio/train/audio_338.wav
Proud,/content/drive/My Drive/BDC_DATASET/audio/train/audio_339.wav
Surprise,/content/drive/My Drive/BDC_DATASET/audio/train/audio_340.wav
Proud,/content/drive/My Drive/BDC_DATASET/audio/train/audio_341.wav
Proud,/content/drive/My Drive/BDC_DATASET/audio/train/audio_342.wav
Anger,/content/drive/My Drive/BDC_DATASET/audio/train/audio_343.wav
Proud,/content/drive/My Drive/BDC_DATASET/audio/train/audio_344.wav
Surprise,/content/drive/My Drive/BDC_DATASET/audio/train/audio_345.wav
Surprise,/content/drive/My Drive/BDC_DATASET/audio/train/audio_346.wav
Proud,/content/drive/My Drive/BDC_DATASET/audio/train/audio_347.wav
Trust,/content/drive/My Drive/BDC_DATASET/audio/train/audio_348.wav
Trust,/content/drive/My Drive/BDC_DATASET/audio/train/audio_349.wav
Surprise,/content/drive/My Drive/BDC_DATASET/audio/train/audio_350.wav
Trust,/content/drive/My Drive/BDC_DATASET/audio/train/audio_351.wav
Surprise,/content/drive/My Drive/BDC_DATASET/audio/train/audio_352.wav
Surprise,/content/drive/My Drive/BDC_DATASET/audio/train/audio_353.wav
Surprise,/content/drive/My Drive/BDC_DATASET/audio/train/audio_354.wav
Surprise,/content/drive/My Drive/BDC_DATASET/audio/train/audio_355.wav
Trust,/content/drive/My Drive/BDC_DATASET/audio/train/audio_356.wav
Proud,/content/drive/My Drive/BDC_DATASET/audio/train/audio_357.wav
Surprise,/content/drive/My Drive/BDC_DATASET/audio/train/audio_358.wav
Proud,/content/drive/My Drive/BDC_DATASET/audio/train/audio_359.wav
Surprise,/content/drive/My Drive/BDC_DATASET/audio/train/audio_360.wav
Surprise,/content/drive/My Drive/BDC_DATASET/audio/train/audio_361.wav
Surprise,/content/drive/My Drive/BDC_DATASET/audio/train/audio_362.wav
Surprise,/content/drive/My Drive/BDC_DATASET/audio/train/audio_363.wav
Surprise,/content/drive/My Drive/BDC_DATASET/audio/train/audio_364.wav
Proud,/content/drive/My Drive/BDC_DATASET/audio/train/audio_365.wav
Surprise,/content/drive/My Drive/BDC_DATASET/audio/train/audio_366.wav
Surprise,/content/drive/My Drive/BDC_DATASET/audio/train/audio_367.wav
Surprise,/content/drive/My Drive/BDC_DATASET/audio/train/audio_368.wav
Joy,/content/drive/My Drive/BDC_DATASET/audio/train/audio_369.wav
Surprise,/content/drive/My Drive/BDC_DATASET/audio/train/audio_370.wav
Surprise,/content/drive/My Drive/BDC_DATASET/audio/train/audio_371.wav
Trust,/content/drive/My Drive/BDC_DATASET/audio/train/audio_372.wav
Surprise,/content/drive/My Drive/BDC_DATASET/audio/train/audio_373.wav
Trust,/content/drive/My Drive/BDC_DATASET/audio/train/audio_374.wav
Surprise,/content/drive/My Drive/BDC_DATASET/audio/train/audio_375.wav
Surprise,/content/drive/My Drive/BDC_DATASET/audio/train/audio_376.wav
Trust,/content/drive/My Drive/BDC_DATASET/audio/train/audio_377.wav
Surprise,/content/drive/My Drive/BDC_DATASET/audio/train/audio_378.wav
Trust,/content/drive/My Drive/BDC_DATASET/audio/train/audio_379.wav
Surprise,/content/drive/My Drive/BDC_DATASET/audio/train/audio_380.wav
Surprise,/content/drive/My Drive/BDC_DATASET/audio/train/audio_381.wav
Trust,/content/drive/My Drive/BDC_DATASET/audio/train/audio_382.wav
Proud,/content/drive/My Drive/BDC_DATASET/audio/train/audio_383.wav
Surprise,/content/drive/My Drive/BDC_DATASET/audio/train/audio_384.wav
Surprise,/content/drive/My Drive/BDC_DATASET/audio/train/audio_385.wav
Proud,/content/drive/My Drive/BDC_DATASET/audio/train/audio_386.wav
Surprise,/content/drive/My Drive/BDC_DATASET/audio/train/audio_387.wav
Surprise,/content/drive/My Drive/BDC_DATASET/audio/train/audio_388.wav
Trust,/content/drive/My Drive/BDC_DATASET/audio/train/audio_390.wav
Trust,/content/drive/My Drive/BDC_DATASET/audio/train/audio_391.wav
Trust,/content/drive/My Drive/BDC_DATASET/audio/train/audio_392.wav
Trust,/content/drive/My Drive/BDC_DATASET/audio/train/audio_393.wav
Surprise,/content/drive/My Drive/BDC_DATASET/audio/train/audio_394.wav
Surprise,/content/drive/My Drive/BDC_DATASET/audio/train/audio_395.wav
Proud,/content/drive/My Drive/BDC_DATASET/audio/train/audio_396.wav
Proud,/content/drive/My Drive/BDC_DATASET/audio/train/audio_397.wav
Trust,/content/drive/My Drive/BDC_DATASET/audio/train/audio_398.wav
Trust,/content/drive/My Drive/BDC_DATASET/audio/train/audio_399.wav
Trust,/content/drive/My Drive/BDC_DATASET/audio/train/audio_400.wav
Proud,/content/drive/My Drive/BDC_DATASET/audio/train/audio_401.wav
Proud,/content/drive/My Drive/BDC_DATASET/audio/train/audio_402.wav
Proud,/content/drive/My Drive/BDC_DATASET/audio/train/audio_403.wav
Trust,/content/drive/My Drive/BDC_DATASET/audio/train/audio_404.wav
Fear,/content/drive/My Drive/BDC_DATASET/audio/train/audio_405.wav
Surprise,/content/drive/My Drive/BDC_DATASET/audio/train/audio_406.wav
Proud,/content/drive/My Drive/BDC_DATASET/audio/train/audio_407.wav
Proud,/content/drive/My Drive/BDC_DATASET/audio/train/audio_408.wav
Surprise,/content/drive/My Drive/BDC_DATASET/audio/train/audio_409.wav
Surprise,/content/drive/My Drive/BDC_DATASET/audio/train/audio_410.wav
Proud,/content/drive/My Drive/BDC_DATASET/audio/train/audio_411.wav
Proud,/content/drive/My Drive/BDC_DATASET/audio/train/audio_412.wav
Trust,/content/drive/My Drive/BDC_DATASET/audio/train/audio_413.wav
Trust,/content/drive/My Drive/BDC_DATASET/audio/train/audio_414.wav
Trust,/content/drive/My Drive/BDC_DATASET/audio/train/audio_415.wav
Surprise,/content/drive/My Drive/BDC_DATASET/audio/train/audio_416.wav
Trust,/content/drive/My Drive/BDC_DATASET/audio/train/audio_417.wav
Proud,/content/drive/My Drive/BDC_DATASET/audio/train/audio_418.wav
Proud,/content/drive/My Drive/BDC_DATASET/audio/train/audio_419.wav
Surprise,/content/drive/My Drive/BDC_DATASET/audio/train/audio_420.wav
Trust,/content/drive/My Drive/BDC_DATASET/audio/train/audio_421.wav
Surprise,/content/drive/My Drive/BDC_DATASET/audio/train/audio_422.wav
Proud,/content/drive/My Drive/BDC_DATASET/audio/train/audio_423.wav
Joy,/content/drive/My Drive/BDC_DATASET/audio/train/audio_424.wav
Trust,/content/drive/My Drive/BDC_DATASET/audio/train/audio_425.wav
Anger,/content/drive/My Drive/BDC_DATASET/audio/train/audio_426.wav
Proud,/content/drive/My Drive/BDC_DATASET/audio/train/audio_427.wav
Proud,/content/drive/My Drive/BDC_DATASET/audio/train/audio_428.wav
Surprise,/content/drive/My Drive/BDC_DATASET/audio/train/audio_429.wav
Anger,/content/drive/My Drive/BDC_DATASET/audio/train/audio_430.wav
Trust,/content/drive/My Drive/BDC_DATASET/audio/train/audio_431.wav
Proud,/content/drive/My Drive/BDC_DATASET/audio/train/audio_432.wav
Surprise,/content/drive/My Drive/BDC_DATASET/audio/train/audio_434.wav
Trust,/content/drive/My Drive/BDC_DATASET/audio/train/audio_435.wav
Proud,/content/drive/My Drive/BDC_DATASET/audio/train/audio_436.wav
Proud,/content/drive/My Drive/BDC_DATASET/audio/train/audio_437.wav
Proud,/content/drive/My Drive/BDC_DATASET/audio/train/audio_438.wav
Trust,/content/drive/My Drive/BDC_DATASET/audio/train/audio_439.wav
Surprise,/content/drive/My Drive/BDC_DATASET/audio/train/audio_440.wav
Trust,/content/drive/My Drive/BDC_DATASET/audio/train/audio_441.wav
Proud,/content/drive/My Drive/BDC_DATASET/audio/train/audio_442.wav
Joy,/content/drive/My Drive/BDC_DATASET/audio/train/audio_443.wav
Proud,/content/drive/My Drive/BDC_DATASET/audio/train/audio_444.wav
Trust,/content/drive/My Drive/BDC_DATASET/audio/train/audio_445.wav
Surprise,/content/drive/My Drive/BDC_DATASET/audio/train/audio_446.wav
Proud,/content/drive/My Drive/BDC_DATASET/audio/train/audio_447.wav
Trust,/content/drive/My Drive/BDC_DATASET/audio/train/audio_448.wav
Sadness,/content/drive/My Drive/BDC_DATASET/audio/train/audio_449.wav
Trust,/content/drive/My Drive/BDC_DATASET/audio/train/audio_450.wav
Surprise,/content/drive/My Drive/BDC_DATASET/audio/train/audio_451.wav
Trust,/content/drive/My Drive/BDC_DATASET/audio/train/audio_452.wav
Trust,/content/drive/My Drive/BDC_DATASET/audio/train/audio_453.wav
Proud,/content/drive/My Drive/BDC_DATASET/audio/train/audio_454.wav
Trust,/content/drive/My Drive/BDC_DATASET/audio/train/audio_455.wav
Surprise,/content/drive/My Drive/BDC_DATASET/audio/train/audio_456.wav
Joy,/content/drive/My Drive/BDC_DATASET/audio/train/audio_457.wav
Neutral,/content/drive/My Drive/BDC_DATASET/audio/train/audio_458.wav
Proud,/content/drive/My Drive/BDC_DATASET/audio/train/audio_459.wav
Trust,/content/drive/My Drive/BDC_DATASET/audio/train/audio_460.wav
Surprise,/content/drive/My Drive/BDC_DATASET/audio/train/audio_461.wav
Trust,/content/drive/My Drive/BDC_DATASET/audio/train/audio_462.wav
Proud,/content/drive/My Drive/BDC_DATASET/audio/train/audio_463.wav
Proud,/content/drive/My Drive/BDC_DATASET/audio/train/audio_464.wav
Trust,/content/drive/My Drive/BDC_DATASET/audio/train/audio_465.wav
Surprise,/content/drive/My Drive/BDC_DATASET/audio/train/audio_466.wav
Proud,/content/drive/My Drive/BDC_DATASET/audio/train/audio_467.wav
Surprise,/content/drive/My Drive/BDC_DATASET/audio/train/audio_468.wav
Trust,/content/drive/My Drive/BDC_DATASET/audio/train/audio_469.wav
Proud,/content/drive/My Drive/BDC_DATASET/audio/train/audio_470.wav
Trust,/content/drive/My Drive/BDC_DATASET/audio/train/audio_471.wav
Proud,/content/drive/My Drive/BDC_DATASET/audio/train/audio_472.wav
Trust,/content/drive/My Drive/BDC_DATASET/audio/train/audio_473.wav
Proud,/content/drive/My Drive/BDC_DATASET/audio/train/audio_474.wav
Surprise,/content/drive/My Drive/BDC_DATASET/audio/train/audio_475.wav
Trust,/content/drive/My Drive/BDC_DATASET/audio/train/audio_476.wav
Trust,/content/drive/My Drive/BDC_DATASET/audio/train/audio_477.wav
Surprise,/content/drive/My Drive/BDC_DATASET/audio/train/audio_478.wav
Proud,/content/drive/My Drive/BDC_DATASET/audio/train/audio_479.wav
Trust,/content/drive/My Drive/BDC_DATASET/audio/train/audio_480.wav
Anger,/content/drive/My Drive/BDC_DATASET/audio/train/audio_481.wav
Proud,/content/drive/My Drive/BDC_DATASET/audio/train/audio_482.wav
Trust,/content/drive/My Drive/BDC_DATASET/audio/train/audio_483.wav
Surprise,/content/drive/My Drive/BDC_DATASET/audio/train/audio_484.wav
Trust,/content/drive/My Drive/BDC_DATASET/audio/train/audio_485.wav
Trust,/content/drive/My Drive/BDC_DATASET/audio/train/audio_486.wav
Trust,/content/drive/My Drive/BDC_DATASET/audio/train/audio_487.wav
Proud,/content/drive/My Drive/BDC_DATASET/audio/train/audio_488.wav
Trust,/content/drive/My Drive/BDC_DATASET/audio/train/audio_489.wav
Surprise,/content/drive/My Drive/BDC_DATASET/audio/train/audio_490.wav
Surprise,/content/drive/My Drive/BDC_DATASET/audio/train/audio_491.wav
Proud,/content/drive/My Drive/BDC_DATASET/audio/train/audio_492.wav
Surprise,/content/drive/My Drive/BDC_DATASET/audio/train/audio_493.wav
Proud,/content/drive/My Drive/BDC_DATASET/audio/train/audio_494.wav
Proud,/content/drive/My Drive/BDC_DATASET/audio/train/audio_495.wav
Surprise,/content/drive/My Drive/BDC_DATASET/audio/train/audio_496.wav
Proud,/content/drive/My Drive/BDC_DATASET/audio/train/audio_497.wav
Surprise,/content/drive/My Drive/BDC_DATASET/audio/train/audio_498.wav
Proud,/content/drive/My Drive/BDC_DATASET/audio/train/audio_499.wav
Joy,/content/drive/My Drive/BDC_DATASET/audio/train/audio_500.wav
Joy,/content/drive/My Drive/BDC_DATASET/audio/train/audio_501.wav
Trust,/content/drive/My Drive/BDC_DATASET/audio/train/audio_502.wav
Trust,/content/drive/My Drive/BDC_DATASET/audio/train/audio_503.wav
Trust,/content/drive/My Drive/BDC_DATASET/audio/train/audio_504.wav
Trust,/content/drive/My Drive/BDC_DATASET/audio/train/audio_505.wav
Trust,/content/drive/My Drive/BDC_DATASET/audio/train/audio_506.wav
Trust,/content/drive/My Drive/BDC_DATASET/audio/train/audio_507.wav
Surprise,/content/drive/My Drive/BDC_DATASET/audio/train/audio_508.wav
Joy,/content/drive/My Drive/BDC_DATASET/audio/train/audio_509.wav
Surprise,/content/drive/My Drive/BDC_DATASET/audio/train/audio_510.wav
Trust,/content/drive/My Drive/BDC_DATASET/audio/train/audio_511.wav
Joy,/content/drive/My Drive/BDC_DATASET/audio/train/audio_512.wav
Joy,/content/drive/My Drive/BDC_DATASET/audio/train/audio_514.wav
Surprise,/content/drive/My Drive/BDC_DATASET/audio/train/audio_516.wav
Trust,/content/drive/My Drive/BDC_DATASET/audio/train/audio_517.wav
Trust,/content/drive/My Drive/BDC_DATASET/audio/train/audio_518.wav
Anger,/content/drive/My Drive/BDC_DATASET/audio/train/audio_519.wav
Trust,/content/drive/My Drive/BDC_DATASET/audio/train/audio_520.wav
Proud,/content/drive/My Drive/BDC_DATASET/audio/train/audio_521.wav
Joy,/content/drive/My Drive/BDC_DATASET/audio/train/audio_522.wav
Surprise,/content/drive/My Drive/BDC_DATASET/audio/train/audio_523.wav
Trust,/content/drive/My Drive/BDC_DATASET/audio/train/audio_524.wav
Proud,/content/drive/My Drive/BDC_DATASET/audio/train/audio_525.wav
Surprise,/content/drive/My Drive/BDC_DATASET/audio/train/audio_526.wav
Proud,/content/drive/My Drive/BDC_DATASET/audio/train/audio_527.wav
Joy,/content/drive/My Drive/BDC_DATASET/audio/train/audio_528.wav
Joy,/content/drive/My Drive/BDC_DATASET/audio/train/audio_529.wav
Proud,/content/drive/My Drive/BDC_DATASET/audio/train/audio_530.wav
Trust,/content/drive/My Drive/BDC_DATASET/audio/train/audio_531.wav
Proud,/content/drive/My Drive/BDC_DATASET/audio/train/audio_532.wav
Trust,/content/drive/My Drive/BDC_DATASET/audio/train/audio_533.wav
Trust,/content/drive/My Drive/BDC_DATASET/audio/train/audio_534.wav
Trust,/content/drive/My Drive/BDC_DATASET/audio/train/audio_535.wav
Joy,/content/drive/My Drive/BDC_DATASET/audio/train/audio_536.wav
Proud,/content/drive/My Drive/BDC_DATASET/audio/train/audio_537.wav
Trust,/content/drive/My Drive/BDC_DATASET/audio/train/audio_538.wav
Proud,/content/drive/My Drive/BDC_DATASET/audio/train/audio_539.wav
Trust,/content/drive/My Drive/BDC_DATASET/audio/train/audio_540.wav
Surprise,/content/drive/My Drive/BDC_DATASET/audio/train/audio_541.wav
Surprise,/content/drive/My Drive/BDC_DATASET/audio/train/audio_542.wav
Proud,/content/drive/My Drive/BDC_DATASET/audio/train/audio_543.wav
Surprise,/content/drive/My Drive/BDC_DATASET/audio/train/audio_544.wav
Joy,/content/drive/My Drive/BDC_DATASET/audio/train/audio_545.wav
Proud,/content/drive/My Drive/BDC_DATASET/audio/train/audio_546.wav
Trust,/content/drive/My Drive/BDC_DATASET/audio/train/audio_547.wav
Proud,/content/drive/My Drive/BDC_DATASET/audio/train/audio_548.wav
Trust,/content/drive/My Drive/BDC_DATASET/audio/train/audio_549.wav
Proud,/content/drive/My Drive/BDC_DATASET/audio/train/audio_550.wav
Surprise,/content/drive/My Drive/BDC_DATASET/audio/train/audio_551.wav
Proud,/content/drive/My Drive/BDC_DATASET/audio/train/audio_552.wav
Joy,/content/drive/My Drive/BDC_DATASET/audio/train/audio_553.wav
Proud,/content/drive/My Drive/BDC_DATASET/audio/train/audio_554.wav
Joy,/content/drive/My Drive/BDC_DATASET/audio/train/audio_555.wav
Surprise,/content/drive/My Drive/BDC_DATASET/audio/train/audio_556.wav
Neutral,/content/drive/My Drive/BDC_DATASET/audio/train/audio_557.wav
Surprise,/content/drive/My Drive/BDC_DATASET/audio/train/audio_558.wav
Surprise,/content/drive/My Drive/BDC_DATASET/audio/train/audio_559.wav
Surprise,/content/drive/My Drive/BDC_DATASET/audio/train/audio_560.wav
Trust,/content/drive/My Drive/BDC_DATASET/audio/train/audio_561.wav
Proud,/content/drive/My Drive/BDC_DATASET/audio/train/audio_562.wav
Proud,/content/drive/My Drive/BDC_DATASET/audio/train/audio_563.wav
Trust,/content/drive/My Drive/BDC_DATASET/audio/train/audio_564.wav
Surprise,/content/drive/My Drive/BDC_DATASET/audio/train/audio_565.wav
Surprise,/content/drive/My Drive/BDC_DATASET/audio/train/audio_566.wav
Surprise,/content/drive/My Drive/BDC_DATASET/audio/train/audio_567.wav
Proud,/content/drive/My Drive/BDC_DATASET/audio/train/audio_568.wav
Trust,/content/drive/My Drive/BDC_DATASET/audio/train/audio_569.wav
Surprise,/content/drive/My Drive/BDC_DATASET/audio/train/audio_570.wav
Surprise,/content/drive/My Drive/BDC_DATASET/audio/train/audio_571.wav
Trust,/content/drive/My Drive/BDC_DATASET/audio/train/audio_572.wav
Surprise,/content/drive/My Drive/BDC_DATASET/audio/train/audio_573.wav
Surprise,/content/drive/My Drive/BDC_DATASET/audio/train/audio_574.wav
Surprise,/content/drive/My Drive/BDC_DATASET/audio/train/audio_575.wav
Sadness,/content/drive/My Drive/BDC_DATASET/audio/train/audio_576.wav
Trust,/content/drive/My Drive/BDC_DATASET/audio/train/audio_577.wav
Sadness,/content/drive/My Drive/BDC_DATASET/audio/train/audio_578.wav
Proud,/content/drive/My Drive/BDC_DATASET/audio/train/audio_579.wav
Surprise,/content/drive/My Drive/BDC_DATASET/audio/train/audio_580.wav
Neutral,/content/drive/My Drive/BDC_DATASET/audio/train/audio_581.wav
Joy,/content/drive/My Drive/BDC_DATASET/audio/train/audio_582.wav
Surprise,/content/drive/My Drive/BDC_DATASET/audio/train/audio_583.wav
Surprise,/content/drive/My Drive/BDC_DATASET/audio/train/audio_584.wav
Proud,/content/drive/My Drive/BDC_DATASET/audio/train/audio_585.wav
Surprise,/content/drive/My Drive/BDC_DATASET/audio/train/audio_586.wav
Proud,/content/drive/My Drive/BDC_DATASET/audio/train/audio_587.wav
Surprise,/content/drive/My Drive/BDC_DATASET/audio/train/audio_588.wav
Surprise,/content/drive/My Drive/BDC_DATASET/audio/train/audio_589.wav
Surprise,/content/drive/My Drive/BDC_DATASET/audio/train/audio_590.wav
Trust,/content/drive/My Drive/BDC_DATASET/audio/train/audio_591.wav
Surprise,/content/drive/My Drive/BDC_DATASET/audio/train/audio_592.wav
Surprise,/content/drive/My Drive/BDC_DATASET/audio/train/audio_593.wav
Trust,/content/drive/My Drive/BDC_DATASET/audio/train/audio_594.wav
Proud,/content/drive/My Drive/BDC_DATASET/audio/train/audio_595.wav
Surprise,/content/drive/My Drive/BDC_DATASET/audio/train/audio_596.wav
Surprise,/content/drive/My Drive/BDC_DATASET/audio/train/audio_597.wav
Surprise,/content/drive/My Drive/BDC_DATASET/audio/train/audio_598.wav
Proud,/content/drive/My Drive/BDC_DATASET/audio/train/audio_599.wav
Surprise,/content/drive/My Drive/BDC_DATASET/audio/train/audio_600.wav
Trust,/content/drive/My Drive/BDC_DATASET/audio/train/audio_601.wav
Proud,/content/drive/My Drive/BDC_DATASET/audio/train/audio_602.wav
Surprise,/content/drive/My Drive/BDC_DATASET/audio/train/audio_603.wav
Proud,/content/drive/My Drive/BDC_DATASET/audio/train/audio_604.wav
Surprise,/content/drive/My Drive/BDC_DATASET/audio/train/audio_605.wav
Surprise,/content/drive/My Drive/BDC_DATASET/audio/train/audio_606.wav
Surprise,/content/drive/My Drive/BDC_DATASET/audio/train/audio_607.wav
Surprise,/content/drive/My Drive/BDC_DATASET/audio/train/audio_608.wav
Proud,/content/drive/My Drive/BDC_DATASET/audio/train/audio_609.wav
Surprise,/content/drive/My Drive/BDC_DATASET/audio/train/audio_610.wav
Surprise,/content/drive/My Drive/BDC_DATASET/audio/train/audio_611.wav
Anger,/content/drive/My Drive/BDC_DATASET/audio/train/audio_612.wav
Sadness,/content/drive/My Drive/BDC_DATASET/audio/train/audio_613.wav
Proud,/content/drive/My Drive/BDC_DATASET/audio/train/audio_614.wav
Surprise,/content/drive/My Drive/BDC_DATASET/audio/train/audio_615.wav
Trust,/content/drive/My Drive/BDC_DATASET/audio/train/audio_616.wav
Surprise,/content/drive/My Drive/BDC_DATASET/audio/train/audio_617.wav
Surprise,/content/drive/My Drive/BDC_DATASET/audio/train/audio_618.wav
Trust,/content/drive/My Drive/BDC_DATASET/audio/train/audio_619.wav
Surprise,/content/drive/My Drive/BDC_DATASET/audio/train/audio_620.wav
Surprise,/content/drive/My Drive/BDC_DATASET/audio/train/audio_621.wav
Surprise,/content/drive/My Drive/BDC_DATASET/audio/train/audio_622.wav
Proud,/content/drive/My Drive/BDC_DATASET/audio/train/audio_623.wav
Surprise,/content/drive/My Drive/BDC_DATASET/audio/train/audio_624.wav
Surprise,/content/drive/My Drive/BDC_DATASET/audio/train/audio_625.wav
Joy,/content/drive/My Drive/BDC_DATASET/audio/train/audio_626.wav
Surprise,/content/drive/My Drive/BDC_DATASET/audio/train/audio_627.wav
Sadness,/content/drive/My Drive/BDC_DATASET/audio/train/audio_628.wav
Joy,/content/drive/My Drive/BDC_DATASET/audio/train/audio_629.wav
Surprise,/content/drive/My Drive/BDC_DATASET/audio/train/audio_630.wav
Surprise,/content/drive/My Drive/BDC_DATASET/audio/train/audio_631.wav
Surprise,/content/drive/My Drive/BDC_DATASET/audio/train/audio_632.wav
Proud,/content/drive/My Drive/BDC_DATASET/audio/train/audio_633.wav
Surprise,/content/drive/My Drive/BDC_DATASET/audio/train/audio_634.wav
Trust,/content/drive/My Drive/BDC_DATASET/audio/train/audio_635.wav
Surprise,/content/drive/My Drive/BDC_DATASET/audio/train/audio_636.wav
Proud,/content/drive/My Drive/BDC_DATASET/audio/train/audio_637.wav
Trust,/content/drive/My Drive/BDC_DATASET/audio/train/audio_638.wav
Trust,/content/drive/My Drive/BDC_DATASET/audio/train/audio_639.wav
Trust,/content/drive/My Drive/BDC_DATASET/audio/train/audio_640.wav
Surprise,/content/drive/My Drive/BDC_DATASET/audio/train/audio_641.wav
Surprise,/content/drive/My Drive/BDC_DATASET/audio/train/audio_642.wav
Surprise,/content/drive/My Drive/BDC_DATASET/audio/train/audio_643.wav
Surprise,/content/drive/My Drive/BDC_DATASET/audio/train/audio_644.wav
Surprise,/content/drive/My Drive/BDC_DATASET/audio/train/audio_645.wav
Surprise,/content/drive/My Drive/BDC_DATASET/audio/train/audio_646.wav
Surprise,/content/drive/My Drive/BDC_DATASET/audio/train/audio_647.wav
Trust,/content/drive/My Drive/BDC_DATASET/audio/train/audio_648.wav
Surprise,/content/drive/My Drive/BDC_DATASET/audio/train/audio_649.wav
Surprise,/content/drive/My Drive/BDC_DATASET/audio/train/audio_650.wav
Sadness,/content/drive/My Drive/BDC_DATASET/audio/train/audio_651.wav
Trust,/content/drive/My Drive/BDC_DATASET/audio/train/audio_652.wav
Surprise,/content/drive/My Drive/BDC_DATASET/audio/train/audio_653.wav
Surprise,/content/drive/My Drive/BDC_DATASET/audio/train/audio_654.wav
Fear,/content/drive/My Drive/BDC_DATASET/audio/train/audio_655.wav
Sadness,/content/drive/My Drive/BDC_DATASET/audio/train/audio_656.wav
Surprise,/content/drive/My Drive/BDC_DATASET/audio/train/audio_657.wav
Anger,/content/drive/My Drive/BDC_DATASET/audio/train/audio_658.wav
Neutral,/content/drive/My Drive/BDC_DATASET/audio/train/audio_659.wav
Trust,/content/drive/My Drive/BDC_DATASET/audio/train/audio_660.wav
Sadness,/content/drive/My Drive/BDC_DATASET/audio/train/audio_661.wav
Fear,/content/drive/My Drive/BDC_DATASET/audio/train/audio_662.wav
Surprise,/content/drive/My Drive/BDC_DATASET/audio/train/audio_663.wav
Sadness,/content/drive/My Drive/BDC_DATASET/audio/train/audio_664.wav
Anger,/content/drive/My Drive/BDC_DATASET/audio/train/audio_665.wav
Surprise,/content/drive/My Drive/BDC_DATASET/audio/train/audio_666.wav
Surprise,/content/drive/My Drive/BDC_DATASET/audio/train/audio_667.wav
Surprise,/content/drive/My Drive/BDC_DATASET/audio/train/audio_668.wav
Fear,/content/drive/My Drive/BDC_DATASET/audio/train/audio_669.wav
Surprise,/content/drive/My Drive/BDC_DATASET/audio/train/audio_670.wav
Surprise,/content/drive/My Drive/BDC_DATASET/audio/train/audio_671.wav
Surprise,/content/drive/My Drive/BDC_DATASET/audio/train/audio_672.wav
Proud,/content/drive/My Drive/BDC_DATASET/audio/train/audio_673.wav
Proud,/content/drive/My Drive/BDC_DATASET/audio/train/audio_674.wav
Proud,/content/drive/My Drive/BDC_DATASET/audio/train/audio_675.wav
Surprise,/content/drive/My Drive/BDC_DATASET/audio/train/audio_676.wav
Surprise,/content/drive/My Drive/BDC_DATASET/audio/train/audio_677.wav
Surprise,/content/drive/My Drive/BDC_DATASET/audio/train/audio_678.wav
Surprise,/content/drive/My Drive/BDC_DATASET/audio/train/audio_679.wav
Proud,/content/drive/My Drive/BDC_DATASET/audio/train/audio_680.wav
Proud,/content/drive/My Drive/BDC_DATASET/audio/train/audio_681.wav
Surprise,/content/drive/My Drive/BDC_DATASET/audio/train/audio_682.wav
Trust,/content/drive/My Drive/BDC_DATASET/audio/train/audio_686.wav
Proud,/content/drive/My Drive/BDC_DATASET/audio/train/audio_687.wav
Surprise,/content/drive/My Drive/BDC_DATASET/audio/train/audio_689.wav
Proud,/content/drive/My Drive/BDC_DATASET/audio/train/audio_690.wav
Trust,/content/drive/My Drive/BDC_DATASET/audio/train/audio_691.wav
Trust,/content/drive/My Drive/BDC_DATASET/audio/train/audio_692.wav
Surprise,/content/drive/My Drive/BDC_DATASET/audio/train/audio_695.wav
Surprise,/content/drive/My Drive/BDC_DATASET/audio/train/audio_698.wav
Trust,/content/drive/My Drive/BDC_DATASET/audio/train/audio_703.wav
Trust,/content/drive/My Drive/BDC_DATASET/audio/train/audio_713.wav
Trust,/content/drive/My Drive/BDC_DATASET/audio/train/audio_714.wav
Trust,/content/drive/My Drive/BDC_DATASET/audio/train/audio_715.wav
Trust,/content/drive/My Drive/BDC_DATASET/audio/train/audio_716.wav
Trust,/content/drive/My Drive/BDC_DATASET/audio/train/audio_717.wav
Fear,/content/drive/My Drive/BDC_DATASET/audio/train/audio_718.wav
Trust,/content/drive/My Drive/BDC_DATASET/audio/train/audio_719.wav
Fear,/content/drive/My Drive/BDC_DATASET/audio/train/audio_720.wav
Fear,/content/drive/My Drive/BDC_DATASET/audio/train/audio_721.wav
Fear,/content/drive/My Drive/BDC_DATASET/audio/train/audio_722.wav
Fear,/content/drive/My Drive/BDC_DATASET/audio/train/audio_723.wav
Trust,/content/drive/My Drive/BDC_DATASET/audio/train/audio_724.wav
Anger,/content/drive/My Drive/BDC_DATASET/audio/train/audio_725.wav
Fear,/content/drive/My Drive/BDC_DATASET/audio/train/audio_726.wav
Anger,/content/drive/My Drive/BDC_DATASET/audio/train/audio_727.wav
Anger,/content/drive/My Drive/BDC_DATASET/audio/train/audio_728.wav
Fear,/content/drive/My Drive/BDC_DATASET/audio/train/audio_729.wav
Joy,/content/drive/My Drive/BDC_DATASET/audio/train/audio_730.wav
Anger,/content/drive/My Drive/BDC_DATASET/audio/train/audio_731.wav
Joy,/content/drive/My Drive/BDC_DATASET/audio/train/audio_732.wav
Anger,/content/drive/My Drive/BDC_DATASET/audio/train/audio_733.wav
Anger,/content/drive/My Drive/BDC_DATASET/audio/train/audio_734.wav
Anger,/content/drive/My Drive/BDC_DATASET/audio/train/audio_735.wav
Anger,/content/drive/My Drive/BDC_DATASET/audio/train/audio_736.wav
Fear,/content/drive/My Drive/BDC_DATASET/audio/train/audio_737.wav
Anger,/content/drive/My Drive/BDC_DATASET/audio/train/audio_738.wav
Anger,/content/drive/My Drive/BDC_DATASET/audio/train/audio_739.wav
Fear,/content/drive/My Drive/BDC_DATASET/audio/train/audio_740.wav
Anger,/content/drive/My Drive/BDC_DATASET/audio/train/audio_741.wav
Anger,/content/drive/My Drive/BDC_DATASET/audio/train/audio_742.wav
Surprise,/content/drive/My Drive/BDC_DATASET/audio/train/audio_743.wav
Trust,/content/drive/My Drive/BDC_DATASET/audio/train/audio_744.wav
Proud,/content/drive/My Drive/BDC_DATASET/audio/train/audio_745.wav
Surprise,/content/drive/My Drive/BDC_DATASET/audio/train/audio_746.wav
Joy,/content/drive/My Drive/BDC_DATASET/audio/train/audio_747.wav
Surprise,/content/drive/My Drive/BDC_DATASET/audio/train/audio_748.wav
Trust,/content/drive/My Drive/BDC_DATASET/audio/train/audio_749.wav
Surprise,/content/drive/My Drive/BDC_DATASET/audio/train/audio_750.wav
Anger,/content/drive/My Drive/BDC_DATASET/audio/train/audio_751.wav
Trust,/content/drive/My Drive/BDC_DATASET/audio/train/audio_752.wav
Surprise,/content/drive/My Drive/BDC_DATASET/audio/train/audio_753.wav
Trust,/content/drive/My Drive/BDC_DATASET/audio/train/audio_754.wav
Surprise,/content/drive/My Drive/BDC_DATASET/audio/train/audio_755.wav
Surprise,/content/drive/My Drive/BDC_DATASET/audio/train/audio_756.wav
Trust,/content/drive/My Drive/BDC_DATASET/audio/train/audio_757.wav
Surprise,/content/drive/My Drive/BDC_DATASET/audio/train/audio_758.wav
Surprise,/content/drive/My Drive/BDC_DATASET/audio/train/audio_759.wav
Trust,/content/drive/My Drive/BDC_DATASET/audio/train/audio_760.wav
Surprise,/content/drive/My Drive/BDC_DATASET/audio/train/audio_761.wav
Surprise,/content/drive/My Drive/BDC_DATASET/audio/train/audio_762.wav
Trust,/content/drive/My Drive/BDC_DATASET/audio/train/audio_763.wav
Surprise,/content/drive/My Drive/BDC_DATASET/audio/train/audio_764.wav
Fear,/content/drive/My Drive/BDC_DATASET/audio/train/audio_765.wav
Surprise,/content/drive/My Drive/BDC_DATASET/audio/train/audio_766.wav
Trust,/content/drive/My Drive/BDC_DATASET/audio/train/audio_767.wav
Surprise,/content/drive/My Drive/BDC_DATASET/audio/train/audio_768.wav
Surprise,/content/drive/My Drive/BDC_DATASET/audio/train/audio_769.wav
Trust,/content/drive/My Drive/BDC_DATASET/audio/train/audio_770.wav
Anger,/content/drive/My Drive/BDC_DATASET/audio/train/audio_771.wav
Surprise,/content/drive/My Drive/BDC_DATASET/audio/train/audio_772.wav
Proud,/content/drive/My Drive/BDC_DATASET/audio/train/audio_773.wav
Trust,/content/drive/My Drive/BDC_DATASET/audio/train/audio_774.wav
Trust,/content/drive/My Drive/BDC_DATASET/audio/train/audio_775.wav
Surprise,/content/drive/My Drive/BDC_DATASET/audio/train/audio_776.wav
Trust,/content/drive/My Drive/BDC_DATASET/audio/train/audio_777.wav
Trust,/content/drive/My Drive/BDC_DATASET/audio/train/audio_778.wav
Trust,/content/drive/My Drive/BDC_DATASET/audio/train/audio_779.wav
Proud,/content/drive/My Drive/BDC_DATASET/audio/train/audio_780.wav
Surprise,/content/drive/My Drive/BDC_DATASET/audio/train/audio_781.wav
Joy,/content/drive/My Drive/BDC_DATASET/audio/train/audio_782.wav
Proud,/content/drive/My Drive/BDC_DATASET/audio/train/audio_783.wav
Trust,/content/drive/My Drive/BDC_DATASET/audio/train/audio_784.wav
Surprise,/content/drive/My Drive/BDC_DATASET/audio/train/audio_785.wav
Trust,/content/drive/My Drive/BDC_DATASET/audio/train/audio_786.wav
Surprise,/content/drive/My Drive/BDC_DATASET/audio/train/audio_787.wav
Surprise,/content/drive/My Drive/BDC_DATASET/audio/train/audio_788.wav
Proud,/content/drive/My Drive/BDC_DATASET/audio/train/audio_789.wav
Surprise,/content/drive/My Drive/BDC_DATASET/audio/train/audio_790.wav
Surprise,/content/drive/My Drive/BDC_DATASET/audio/train/audio_791.wav
Joy,/content/drive/My Drive/BDC_DATASET/audio/train/audio_792.wav
Proud,/content/drive/My Drive/BDC_DATASET/audio/train/audio_793.wav
Joy,/content/drive/My Drive/BDC_DATASET/audio/train/audio_794.wav
Trust,/content/drive/My Drive/BDC_DATASET/audio/train/audio_795.wav
Surprise,/content/drive/My Drive/BDC_DATASET/audio/train/audio_796.wav
Proud,/content/drive/My Drive/BDC_DATASET/audio/train/audio_797.wav
Proud,/content/drive/My Drive/BDC_DATASET/audio/train/audio_798.wav
Surprise,/content/drive/My Drive/BDC_DATASET/audio/train/audio_799.wav
Surprise,/content/drive/My Drive/BDC_DATASET/audio/train/audio_800.wav
Proud,/content/drive/My Drive/BDC_DATASET/audio/train/audio_801.wav
Anger,/content/drive/My Drive/BDC_DATASET/audio/train/audio_802.wav
Surprise,/content/drive/My Drive/BDC_DATASET/audio/train/audio_803.wav
Neutral,ravdess_speech_audio/Actor_01/03-01-01-01-01-01-01.wav
Neutral,ravdess_speech_audio/Actor_01/03-01-01-01-01-02-01.wav
Neutral,ravdess_speech_audio/Actor_01/03-01-01-01-02-01-01.wav
Neutral,ravdess_speech_audio/Actor_01/03-01-01-01-02-02-01.wav
Sadness,ravdess_speech_audio/Actor_01/03-01-04-01-01-01-01.wav
Sadness,ravdess_speech_audio/Actor_01/03-01-04-01-01-02-01.wav
Sadness,ravdess_speech_audio/Actor_01/03-01-04-01-02-01-01.wav
Sadness,ravdess_speech_audio/Actor_01/03-01-04-01-02-02-01.wav
Sadness,ravdess_speech_audio/Actor_01/03-01-04-02-01-01-01.wav
Sadness,ravdess_speech_audio/Actor_01/03-01-04-02-01-02-01.wav
Sadness,ravdess_speech_audio/Actor_01/03-01-04-02-02-01-01.wav
Sadness,ravdess_speech_audio/Actor_01/03-01-04-02-02-02-01.wav
Anger,ravdess_speech_audio/Actor_01/03-01-05-01-01-01-01.wav
Anger,ravdess_speech_audio/Actor_01/03-01-05-01-01-02-01.wav
Anger,ravdess_speech_audio/Actor_01/03-01-05-01-02-01-01.wav
Anger,ravdess_speech_audio/Actor_01/03-01-05-01-02-02-01.wav
Anger,ravdess_speech_audio/Actor_01/03-01-05-02-01-01-01.wav
Anger,ravdess_speech_audio/Actor_01/03-01-05-02-01-02-01.wav
Anger,ravdess_speech_audio/Actor_01/03-01-05-02-02-01-01.wav
Anger,ravdess_speech_audio/Actor_01/03-01-05-02-02-02-01.wav
Fear,ravdess_speech_audio/Actor_01/03-01-06-01-01-01-01.wav
Fear,ravdess_speech_audio/Actor_01/03-01-06-01-01-02-01.wav
Fear,ravdess_speech_audio/Actor_01/03-01-06-01-02-01-01.wav
Fear,ravdess_speech_audio/Actor_01/03-01-06-01-02-02-01.wav
Fear,ravdess_speech_audio/Actor_01/03-01-06-02-01-01-01.wav
Fear,ravdess_speech_audio/Actor_01/03-01-06-02-01-02-01.wav
Fear,ravdess_speech_audio/Actor_01/03-01-06-02-02-01-01.wav
Fear,ravdess_speech_audio/Actor_01/03-01-06-02-02-02-01.wav
Neutral,ravdess_speech_audio/Actor_02/03-01-01-01-01-01-02.wav
Neutral,ravdess_speech_audio/Actor_02/03-01-01-01-01-02-02.wav
Neutral,ravdess_speech_audio/Actor_02/03-01-01-01-02-01-02.wav
Neutral,ravdess_speech_audio/Actor_02/03-01-01-01-02-02-02.wav
Sadness,ravdess_speech_audio/Actor_02/03-01-04-01-01-01-02.wav
Sadness,ravdess_speech_audio/Actor_02/03-01-04-01-01-02-02.wav
Sadness,ravdess_speech_audio/Actor_02/03-01-04-01-02-01-02.wav
Sadness,ravdess_speech_audio/Actor_02/03-01-04-01-02-02-02.wav
Sadness,ravdess_speech_audio/Actor_02/03-01-04-02-01-01-02.wav
Sadness,ravdess_speech_audio/Actor_02/03-01-04-02-01-02-02.wav
Sadness,ravdess_speech_audio/Actor_02/03-01-04-02-02-01-02.wav
Sadness,ravdess_speech_audio/Actor_02/03-01-04-02-02-02-02.wav
Anger,ravdess_speech_audio/Actor_02/03-01-05-01-01-01-02.wav
Anger,ravdess_speech_audio/Actor_02/03-01-05-01-01-02-02.wav
Anger,ravdess_speech_audio/Actor_02/03-01-05-01-02-01-02.wav
Anger,ravdess_speech_audio/Actor_02/03-01-05-01-02-02-02.wav
Anger,ravdess_speech_audio/Actor_02/03-01-05-02-01-01-02.wav
Anger,ravdess_speech_audio/Actor_02/03-01-05-02-01-02-02.wav
Anger,ravdess_speech_audio/Actor_02/03-01-05-02-02-01-02.wav
Anger,ravdess_speech_audio/Actor_02/03-01-05-02-02-02-02.wav
Fear,ravdess_speech_audio/Actor_02/03-01-06-01-01-01-02.wav
Fear,ravdess_speech_audio/Actor_02/03-01-06-01-01-02-02.wav
Fear,ravdess_speech_audio/Actor_02/03-01-06-01-02-01-02.wav
Fear,ravdess_speech_audio/Actor_02/03-01-06-01-02-02-02.wav
Fear,ravdess_speech_audio/Actor_02/03-01-06-02-01-01-02.wav
Fear,ravdess_speech_audio/Actor_02/03-01-06-02-01-02-02.wav
Fear,ravdess_speech_audio/Actor_02/03-01-06-02-02-01-02.wav
Fear,ravdess_speech_audio/Actor_02/03-01-06-02-02-02-02.wav
Neutral,ravdess_speech_audio/Actor_03/03-01-01-01-01-01-03.wav
Neutral,ravdess_speech_audio/Actor_03/03-01-01-01-01-02-03.wav
Neutral,ravdess_speech_audio/Actor_03/03-01-01-01-02-01-03.wav
Neutral,ravdess_speech_audio/Actor_03/03-01-01-01-02-02-03.wav
Sadness,ravdess_speech_audio/Actor_03/03-01-04-01-01-01-03.wav
Sadness,ravdess_speech_audio/Actor_03/03-01-04-01-01-02-03.wav
Sadness,ravdess_speech_audio/Actor_03/03-01-04-01-02-01-03.wav
Sadness,ravdess_speech_audio/Actor_03/03-01-04-01-02-02-03.wav
Sadness,ravdess_speech_audio/Actor_03/03-01-04-02-01-01-03.wav
Sadness,ravdess_speech_audio/Actor_03/03-01-04-02-01-02-03.wav
Sadness,ravdess_speech_audio/Actor_03/03-01-04-02-02-01-03.wav
Sadness,ravdess_speech_audio/Actor_03/03-01-04-02-02-02-03.wav
Anger,ravdess_speech_audio/Actor_03/03-01-05-01-01-01-03.wav
Anger,ravdess_speech_audio/Actor_03/03-01-05-01-01-02-03.wav
Anger,ravdess_speech_audio/Actor_03/03-01-05-01-02-01-03.wav
Anger,ravdess_speech_audio/Actor_03/03-01-05-01-02-02-03.wav
Anger,ravdess_speech_audio/Actor_03/03-01-05-02-01-01-03.wav
Anger,ravdess_speech_audio/Actor_03/03-01-05-02-01-02-03.wav
Anger,ravdess_speech_audio/Actor_03/03-01-05-02-02-01-03.wav
Anger,ravdess_speech_audio/Actor_03/03-01-05-02-02-02-03.wav
Fear,ravdess_speech_audio/Actor_03/03-01-06-01-01-01-03.wav
Fear,ravdess_speech_audio/Actor_03/03-01-06-01-01-02-03.wav
Fear,ravdess_speech_audio/Actor_03/03-01-06-01-02-01-03.wav
Fear,ravdess_speech_audio/Actor_03/03-01-06-01-02-02-03.wav
Fear,ravdess_speech_audio/Actor_03/03-01-06-02-01-01-03.wav
Fear,ravdess_speech_audio/Actor_03/03-01-06-02-01-02-03.wav
Fear,ravdess_speech_audio/Actor_03/03-01-06-02-02-01-03.wav
Fear,ravdess_speech_audio/Actor_03/03-01-06-02-02-02-03.wav
Neutral,ravdess_speech_audio/Actor_04/03-01-01-01-01-01-04.wav
Neutral,ravdess_speech_audio/Actor_04/03-01-01-01-01-02-04.wav
Neutral,ravdess_speech_audio/Actor_04/03-01-01-01-02-01-04.wav
Neutral,ravdess_speech_audio/Actor_04/03-01-01-01-02-02-04.wav
Sadness,ravdess_speech_audio/Actor_04/03-01-04-01-01-01-04.wav
Sadness,ravdess_speech_audio/Actor_04/03-01-04-01-01-02-04.wav
Sadness,ravdess_speech_audio/Actor_04/03-01-04-01-02-01-04.wav
Sadness,ravdess_speech_audio/Actor_04/03-01-04-01-02-02-04.wav
Sadness,ravdess_speech_audio/Actor_04/03-01-04-02-01-01-04.wav
Sadness,ravdess_speech_audio/Actor_04/03-01-04-02-01-02-04.wav
Sadness,ravdess_speech_audio/Actor_04/03-01-04-02-02-01-04.wav
Sadness,ravdess_speech_audio/Actor_04/03-01-04-02-02-02-04.wav
Anger,ravdess_speech_audio/Actor_04/03-01-05-01-01-01-04.wav
Anger,ravdess_speech_audio/Actor_04/03-01-05-01-01-02-04.wav
Anger,ravdess_speech_audio/Actor_04/03-01-05-01-02-01-04.wav
Anger,ravdess_speech_audio/Actor_04/03-01-05-01-02-02-04.wav
Anger,ravdess_speech_audio/Actor_04/03-01-05-02-01-01-04.wav
Anger,ravdess_speech_audio/Actor_04/03-01-05-02-01-02-04.wav
Anger,ravdess_speech_audio/Actor_04/03-01-05-02-02-01-04.wav
Anger,ravdess_speech_audio/Actor_04/03-01-05-02-02-02-04.wav
Fear,ravdess_speech_audio/Actor_04/03-01-06-01-01-01-04.wav
Fear,ravdess_speech_audio/Actor_04/03-01-06-01-01-02-04.wav
Fear,ravdess_speech_audio/Actor_04/03-01-06-01-02-01-04.wav
Fear,ravdess_speech_audio/Actor_04/03-01-06-01-02-02-04.wav
Fear,ravdess_speech_audio/Actor_04/03-01-06-02-01-01-04.wav
Fear,ravdess_speech_audio/Actor_04/03-01-06-02-01-02-04.wav
Fear,ravdess_speech_audio/Actor_04/03-01-06-02-02-01-04.wav
Fear,ravdess_speech_audio/Actor_04/03-01-06-02-02-02-04.wav
Neutral,ravdess_speech_audio/Actor_05/03-01-01-01-01-01-05.wav
Neutral,ravdess_speech_audio/Actor_05/03-01-01-01-01-02-05.wav
Neutral,ravdess_speech_audio/Actor_05/03-01-01-01-02-01-05.wav
Neutral,ravdess_speech_audio/Actor_05/03-01-01-01-02-02-05.wav
Sadness,ravdess_speech_audio/Actor_05/03-01-04-01-01-01-05.wav
Sadness,ravdess_speech_audio/Actor_05/03-01-04-01-01-02-05.wav
Sadness,ravdess_speech_audio/Actor_05/03-01-04-01-02-01-05.wav
Sadness,ravdess_speech_audio/Actor_05/03-01-04-01-02-02-05.wav
Sadness,ravdess_speech_audio/Actor_05/03-01-04-02-01-01-05.wav
Sadness,ravdess_speech_audio/Actor_05/03-01-04-02-01-02-05.wav
Sadness,ravdess_speech_audio/Actor_05/03-01-04-02-02-01-05.wav
Sadness,ravdess_speech_audio/Actor_05/03-01-04-02-02-02-05.wav
Anger,ravdess_speech_audio/Actor_05/03-01-05-01-01-01-05.wav
Anger,ravdess_speech_audio/Actor_05/03-01-05-01-01-02-05.wav
Anger,ravdess_speech_audio/Actor_05/03-01-05-01-02-01-05.wav
Anger,ravdess_speech_audio/Actor_05/03-01-05-01-02-02-05.wav
Anger,ravdess_speech_audio/Actor_05/03-01-05-02-01-01-05.wav
Anger,ravdess_speech_audio/Actor_05/03-01-05-02-01-02-05.wav
Anger,ravdess_speech_audio/Actor_05/03-01-05-02-02-01-05.wav
Anger,ravdess_speech_audio/Actor_05/03-01-05-02-02-02-05.wav
Fear,ravdess_speech_audio/Actor_05/03-01-06-01-01-01-05.wav
Fear,ravdess_speech_audio/Actor_05/03-01-06-01-01-02-05.wav
Fear,ravdess_speech_audio/Actor_05/03-01-06-01-02-01-05.wav
Fear,ravdess_speech_audio/Actor_05/03-01-06-01-02-02-05.wav
Fear,ravdess_speech_audio/Actor_05/03-01-06-02-01-01-05.wav
Fear,ravdess_speech_audio/Actor_05/03-01-06-02-01-02-05.wav
Fear,ravdess_speech_audio/Actor_05/03-01-06-02-02-01-05.wav
Fear,ravdess_speech_audio/Actor_05/03-01-06-02-02-02-05.wav
Neutral,ravdess_speech_audio/Actor_06/03-01-01-01-01-01-06.wav
Neutral,ravdess_speech_audio/Actor_06/03-01-01-01-01-02-06.wav
Neutral,ravdess_speech_audio/Actor_06/03-01-01-01-02-01-06.wav
Neutral,ravdess_speech_audio/Actor_06/03-01-01-01-02-02-06.wav
Sadness,ravdess_speech_audio/Actor_06/03-01-04-01-01-01-06.wav
Sadness,ravdess_speech_audio/Actor_06/03-01-04-01-01-02-06.wav
Sadness,ravdess_speech_audio/Actor_06/03-01-04-01-02-01-06.wav
Sadness,ravdess_speech_audio/Actor_06/03-01-04-01-02-02-06.wav
Sadness,ravdess_speech_audio/Actor_06/03-01-04-02-01-01-06.wav
Sadness,ravdess_speech_audio/Actor_06/03-01-04-02-01-02-06.wav
Sadness,ravdess_speech_audio/Actor_06/03-01-04-02-02-01-06.wav
Sadness,ravdess_speech_audio/Actor_06/03-01-04-02-02-02-06.wav
Anger,ravdess_speech_audio/Actor_06/03-01-05-01-01-01-06.wav
Anger,ravdess_speech_audio/Actor_06/03-01-05-01-01-02-06.wav
Anger,ravdess_speech_audio/Actor_06/03-01-05-01-02-01-06.wav
Anger,ravdess_speech_audio/Actor_06/03-01-05-01-02-02-06.wav
Anger,ravdess_speech_audio/Actor_06/03-01-05-02-01-01-06.wav
Anger,ravdess_speech_audio/Actor_06/03-01-05-02-01-02-06.wav
Anger,ravdess_speech_audio/Actor_06/03-01-05-02-02-01-06.wav
Anger,ravdess_speech_audio/Actor_06/03-01-05-02-02-02-06.wav
Fear,ravdess_speech_audio/Actor_06/03-01-06-01-01-01-06.wav
Fear,ravdess_speech_audio/Actor_06/03-01-06-01-01-02-06.wav
Fear,ravdess_speech_audio/Actor_06/03-01-06-01-02-01-06.wav
Fear,ravdess_speech_audio/Actor_06/03-01-06-01-02-02-06.wav
Fear,ravdess_speech_audio/Actor_06/03-01-06-02-01-01-06.wav
Fear,ravdess_speech_audio/Actor_06/03-01-06-02-01-02-06.wav
Fear,ravdess_speech_audio/Actor_06/03-01-06-02-02-01-06.wav
Fear,ravdess_speech_audio/Actor_06/03-01-06-02-02-02-06.wav
Neutral,ravdess_speech_audio/Actor_07/03-01-01-01-01-01-07.wav
Neutral,ravdess_speech_audio/Actor_07/03-01-01-01-01-02-07.wav
Neutral,ravdess_speech_audio/Actor_07/03-01-01-01-02-01-07.wav
Neutral,ravdess_speech_audio/Actor_07/03-01-01-01-02-02-07.wav
Sadness,ravdess_speech_audio/Actor_07/03-01-04-01-01-01-07.wav
Sadness,ravdess_speech_audio/Actor_07/03-01-04-01-01-02-07.wav
Sadness,ravdess_speech_audio/Actor_07/03-01-04-01-02-01-07.wav
Sadness,ravdess_speech_audio/Actor_07/03-01-04-01-02-02-07.wav
Sadness,ravdess_speech_audio/Actor_07/03-01-04-02-01-01-07.wav
Sadness,ravdess_speech_audio/Actor_07/03-01-04-02-01-02-07.wav
Sadness,ravdess_speech_audio/Actor_07/03-01-04-02-02-01-07.wav
Sadness,ravdess_speech_audio/Actor_07/03-01-04-02-02-02-07.wav
Anger,ravdess_speech_audio/Actor_07/03-01-05-01-01-01-07.wav
Anger,ravdess_speech_audio/Actor_07/03-01-05-01-01-02-07.wav
Anger,ravdess_speech_audio/Actor_07/03-01-05-01-02-01-07.wav
Anger,ravdess_speech_audio/Actor_07/03-01-05-01-02-02-07.wav
Anger,ravdess_speech_audio/Actor_07/03-01-05-02-01-01-07.wav
Anger,ravdess_speech_audio/Actor_07/03-01-05-02-01-02-07.wav
Anger,ravdess_speech_audio/Actor_07/03-01-05-02-02-01-07.wav
Anger,ravdess_speech_audio/Actor_07/03-01-05-02-02-02-07.wav
Fear,ravdess_speech_audio/Actor_07/03-01-06-01-01-01-07.wav
Fear,ravdess_speech_audio/Actor_07/03-01-06-01-01-02-07.wav
Fear,ravdess_speech_audio/Actor_07/03-01-06-01-02-01-07.wav
Fear,ravdess_speech_audio/Actor_07/03-01-06-01-02-02-07.wav
Fear,ravdess_speech_audio/Actor_07/03-01-06-02-01-01-07.wav
Fear,ravdess_speech_audio/Actor_07/03-01-06-02-01-02-07.wav
Fear,ravdess_speech_audio/Actor_07/03-01-06-02-02-01-07.wav
Fear,ravdess_speech_audio/Actor_07/03-01-06-02-02-02-07.wav
Neutral,ravdess_speech_audio/Actor_08/03-01-01-01-01-01-08.wav
Neutral,ravdess_speech_audio/Actor_08/03-01-01-01-01-02-08.wav
Neutral,ravdess_speech_audio/Actor_08/03-01-01-01-02-01-08.wav
Neutral,ravdess_speech_audio/Actor_08/03-01-01-01-02-02-08.wav
Sadness,ravdess_speech_audio/Actor_08/03-01-04-01-01-01-08.wav
Sadness,ravdess_speech_audio/Actor_08/03-01-04-01-01-02-08.wav
Sadness,ravdess_speech_audio/Actor_08/03-01-04-01-02-01-08.wav
Sadness,ravdess_speech_audio/Actor_08/03-01-04-01-02-02-08.wav
Sadness,ravdess_speech_audio/Actor_08/03-01-04-02-01-01-08.wav
Sadness,ravdess_speech_audio/Actor_08/03-01-04-02-01-02-08.wav
Sadness,ravdess_speech_audio/Actor_08/03-01-04-02-02-01-08.wav
Sadness,ravdess_speech_audio/Actor_08/03-01-04-02-02-02-08.wav
Anger,ravdess_speech_audio/Actor_08/03-01-05-01-01-01-08.wav
Anger,ravdess_speech_audio/Actor_08/03-01-05-01-01-02-08.wav
Anger,ravdess_speech_audio/Actor_08/03-01-05-01-02-01-08.wav
Anger,ravdess_speech_audio/Actor_08/03-01-05-01-02-02-08.wav
Anger,ravdess_speech_audio/Actor_08/03-01-05-02-01-01-08.wav
Anger,ravdess_speech_audio/Actor_08/03-01-05-02-01-02-08.wav
Anger,ravdess_speech_audio/Actor_08/03-01-05-02-02-01-08.wav
Anger,ravdess_speech_audio/Actor_08/03-01-05-02-02-02-08.wav
Fear,ravdess_speech_audio/Actor_08/03-01-06-01-01-01-08.wav
Fear,ravdess_speech_audio/Actor_08/03-01-06-01-01-02-08.wav
Fear,ravdess_speech_audio/Actor_08/03-01-06-01-02-01-08.wav
Fear,ravdess_speech_audio/Actor_08/03-01-06-01-02-02-08.wav
Fear,ravdess_speech_audio/Actor_08/03-01-06-02-01-01-08.wav
Fear,ravdess_speech_audio/Actor_08/03-01-06-02-01-02-08.wav
Fear,ravdess_speech_audio/Actor_08/03-01-06-02-02-01-08.wav
Fear,ravdess_speech_audio/Actor_08/03-01-06-02-02-02-08.wav
Neutral,ravdess_speech_audio/Actor_09/03-01-01-01-01-01-09.wav
Neutral,ravdess_speech_audio/Actor_09/03-01-01-01-01-02-09.wav
Neutral,ravdess_speech_audio/Actor_09/03-01-01-01-02-01-09.wav
Neutral,ravdess_speech_audio/Actor_09/03-01-01-01-02-02-09.wav
Sadness,ravdess_speech_audio/Actor_09/03-01-04-01-01-01-09.wav
Sadness,ravdess_speech_audio/Actor_09/03-01-04-01-01-02-09.wav
Sadness,ravdess_speech_audio/Actor_09/03-01-04-01-02-01-09.wav
Sadness,ravdess_speech_audio/Actor_09/03-01-04-01-02-02-09.wav
Sadness,ravdess_speech_audio/Actor_09/03-01-04-02-01-01-09.wav
Sadness,ravdess_speech_audio/Actor_09/03-01-04-02-01-02-09.wav
Sadness,ravdess_speech_audio/Actor_09/03-01-04-02-02-01-09.wav
Sadness,ravdess_speech_audio/Actor_09/03-01-04-02-02-02-09.wav
Anger,ravdess_speech_audio/Actor_09/03-01-05-01-01-01-09.wav
Anger,ravdess_speech_audio/Actor_09/03-01-05-01-01-02-09.wav
Anger,ravdess_speech_audio/Actor_09/03-01-05-01-02-01-09.wav
Anger,ravdess_speech_audio/Actor_09/03-01-05-01-02-02-09.wav
Anger,ravdess_speech_audio/Actor_09/03-01-05-02-01-01-09.wav
Anger,ravdess_speech_audio/Actor_09/03-01-05-02-01-02-09.wav
Anger,ravdess_speech_audio/Actor_09/03-01-05-02-02-01-09.wav
Anger,ravdess_speech_audio/Actor_09/03-01-05-02-02-02-09.wav
Fear,ravdess_speech_audio/Actor_09/03-01-06-01-01-01-09.wav
Fear,ravdess_speech_audio/Actor_09/03-01-06-01-01-02-09.wav
Fear,ravdess_speech_audio/Actor_09/03-01-06-01-02-01-09.wav
Fear,ravdess_speech_audio/Actor_09/03-01-06-01-02-02-09.wav
Fear,ravdess_speech_audio/Actor_09/03-01-06-02-01-01-09.wav
Fear,ravdess_speech_audio/Actor_09/03-01-06-02-01-02-09.wav
Fear,ravdess_speech_audio/Actor_09/03-01-06-02-02-01-09.wav
Fear,ravdess_speech_audio/Actor_09/03-01-06-02-02-02-09.wav
Neutral,ravdess_speech_audio/Actor_10/03-01-01-01-01-01-10.wav
Neutral,ravdess_speech_audio/Actor_10/03-01-01-01-01-02-10.wav
Neutral,ravdess_speech_audio/Actor_10/03-01-01-01-02-01-10.wav
Neutral,ravdess_speech_audio/Actor_10/03-01-01-01-02-02-10.wav
Sadness,ravdess_speech_audio/Actor_10/03-01-04-01-01-01-10.wav
Sadness,ravdess_speech_audio/Actor_10/03-01-04-01-01-02-10.wav
Sadness,ravdess_speech_audio/Actor_10/03-01-04-01-02-01-10.wav
Sadness,ravdess_speech_audio/Actor_10/03-01-04-01-02-02-10.wav
Sadness,ravdess_speech_audio/Actor_10/03-01-04-02-01-01-10.wav
Sadness,ravdess_speech_audio/Actor_10/03-01-04-02-01-02-10.wav
Sadness,ravdess_speech_audio/Actor_10/03-01-04-02-02-01-10.wav
Sadness,ravdess_speech_audio/Actor_10/03-01-04-02-02-02-10.wav
Anger,ravdess_speech_audio/Actor_10/03-01-05-01-01-01-10.wav
Anger,ravdess_speech_audio/Actor_10/03-01-05-01-01-02-10.wav
Anger,ravdess_speech_audio/Actor_10/03-01-05-01-02-01-10.wav
Anger,ravdess_speech_audio/Actor_10/03-01-05-01-02-02-10.wav
Anger,ravdess_speech_audio/Actor_10/03-01-05-02-01-01-10.wav
Anger,ravdess_speech_audio/Actor_10/03-01-05-02-01-02-10.wav
Anger,ravdess_speech_audio/Actor_10/03-01-05-02-02-01-10.wav
Anger,ravdess_speech_audio/Actor_10/03-01-05-02-02-02-10.wav
Fear,ravdess_speech_audio/Actor_10/03-01-06-01-01-01-10.wav
Fear,ravdess_speech_audio/Actor_10/03-01-06-01-01-02-10.wav
Fear,ravdess_speech_audio/Actor_10/03-01-06-01-02-01-10.wav
Fear,ravdess_speech_audio/Actor_10/03-01-06-01-02-02-10.wav
Fear,ravdess_speech_audio/Actor_10/03-01-06-02-01-01-10.wav
Fear,ravdess_speech_audio/Actor_10/03-01-06-02-01-02-10.wav
Fear,ravdess_speech_audio/Actor_10/03-01-06-02-02-01-10.wav
Fear,ravdess_speech_audio/Actor_10/03-01-06-02-02-02-10.wav
Neutral,ravdess_speech_audio/Actor_11/03-01-01-01-01-01-11.wav
Neutral,ravdess_speech_audio/Actor_11/03-01-01-01-01-02-11.wav
Neutral,ravdess_speech_audio/Actor_11/03-01-01-01-02-01-11.wav
Neutral,ravdess_speech_audio/Actor_11/03-01-01-01-02-02-11.wav
Sadness,ravdess_speech_audio/Actor_11/03-01-04-01-01-01-11.wav
Sadness,ravdess_speech_audio/Actor_11/03-01-04-01-01-02-11.wav
Sadness,ravdess_speech_audio/Actor_11/03-01-04-01-02-01-11.wav
Sadness,ravdess_speech_audio/Actor_11/03-01-04-01-02-02-11.wav
Sadness,ravdess_speech_audio/Actor_11/03-01-04-02-01-01-11.wav
Sadness,ravdess_speech_audio/Actor_11/03-01-04-02-01-02-11.wav
Sadness,ravdess_speech_audio/Actor_11/03-01-04-02-02-01-11.wav
Sadness,ravdess_speech_audio/Actor_11/03-01-04-02-02-02-11.wav
Anger,ravdess_speech_audio/Actor_11/03-01-05-01-01-01-11.wav
Anger,ravdess_speech_audio/Actor_11/03-01-05-01-01-02-11.wav
Anger,ravdess_speech_audio/Actor_11/03-01-05-01-02-01-11.wav
Anger,ravdess_speech_audio/Actor_11/03-01-05-01-02-02-11.wav
Anger,ravdess_speech_audio/Actor_11/03-01-05-02-01-01-11.wav
Anger,ravdess_speech_audio/Actor_11/03-01-05-02-01-02-11.wav
Anger,ravdess_speech_audio/Actor_11/03-01-05-02-02-01-11.wav
Anger,ravdess_speech_audio/Actor_11/03-01-05-02-02-02-11.wav
Fear,ravdess_speech_audio/Actor_11/03-01-06-01-01-01-11.wav
Fear,ravdess_speech_audio/Actor_11/03-01-06-01-01-02-11.wav
Fear,ravdess_speech_audio/Actor_11/03-01-06-01-02-01-11.wav
Fear,ravdess_speech_audio/Actor_11/03-01-06-01-02-02-11.wav
Fear,ravdess_speech_audio/Actor_11/03-01-06-02-01-01-11.wav
Fear,ravdess_speech_audio/Actor_11/03-01-06-02-01-02-11.wav
Fear,ravdess_speech_audio/Actor_11/03-01-06-02-02-01-11.wav
Fear,ravdess_speech_audio/Actor_11/03-01-06-02-02-02-11.wav
Neutral,ravdess_speech_audio/Actor_12/03-01-01-01-01-01-12.wav
Neutral,ravdess_speech_audio/Actor_12/03-01-01-01-01-02-12.wav
Neutral,ravdess_speech_audio/Actor_12/03-01-01-01-02-01-12.wav
Neutral,ravdess_speech_audio/Actor_12/03-01-01-01-02-02-12.wav
Sadness,ravdess_speech_audio/Actor_12/03-01-04-01-01-01-12.wav
Sadness,ravdess_speech_audio/Actor_12/03-01-04-01-01-02-12.wav
Sadness,ravdess_speech_audio/Actor_12/03-01-04-01-02-01-12.wav
Sadness,ravdess_speech_audio/Actor_12/03-01-04-01-02-02-12.wav
Sadness,ravdess_speech_audio/Actor_12/03-01-04-02-01-01-12.wav
Sadness,ravdess_speech_audio/Actor_12/03-01-04-02-01-02-12.wav
Sadness,ravdess_speech_audio/Actor_12/03-01-04-02-02-01-12.wav
Sadness,ravdess_speech_audio/Actor_12/03-01-04-02-02-02-12.wav
Anger,ravdess_speech_audio/Actor_12/03-01-05-01-01-01-12.wav
Anger,ravdess_speech_audio/Actor_12/03-01-05-01-01-02-12.wav
Anger,ravdess_speech_audio/Actor_12/03-01-05-01-02-01-12.wav
Anger,ravdess_speech_audio/Actor_12/03-01-05-01-02-02-12.wav
Anger,ravdess_speech_audio/Actor_12/03-01-05-02-01-01-12.wav
Anger,ravdess_speech_audio/Actor_12/03-01-05-02-01-02-12.wav
Anger,ravdess_speech_audio/Actor_12/03-01-05-02-02-01-12.wav
Anger,ravdess_speech_audio/Actor_12/03-01-05-02-02-02-12.wav
Fear,ravdess_speech_audio/Actor_12/03-01-06-01-01-01-12.wav
Fear,ravdess_speech_audio/Actor_12/03-01-06-01-01-02-12.wav
Fear,ravdess_speech_audio/Actor_12/03-01-06-01-02-01-12.wav
Fear,ravdess_speech_audio/Actor_12/03-01-06-01-02-02-12.wav
Fear,ravdess_speech_audio/Actor_12/03-01-06-02-01-01-12.wav
Fear,ravdess_speech_audio/Actor_12/03-01-06-02-01-02-12.wav
Fear,ravdess_speech_audio/Actor_12/03-01-06-02-02-01-12.wav
Fear,ravdess_speech_audio/Actor_12/03-01-06-02-02-02-12.wav
Neutral,ravdess_speech_audio/Actor_13/03-01-01-01-01-01-13.wav
Neutral,ravdess_speech_audio/Actor_13/03-01-01-01-01-02-13.wav
Neutral,ravdess_speech_audio/Actor_13/03-01-01-01-02-01-13.wav
Neutral,ravdess_speech_audio/Actor_13/03-01-01-01-02-02-13.wav
Sadness,ravdess_speech_audio/Actor_13/03-01-04-01-01-01-13.wav
Sadness,ravdess_speech_audio/Actor_13/03-01-04-01-01-02-13.wav
Sadness,ravdess_speech_audio/Actor_13/03-01-04-01-02-01-13.wav
Sadness,ravdess_speech_audio/Actor_13/03-01-04-01-02-02-13.wav
Sadness,ravdess_speech_audio/Actor_13/03-01-04-02-01-01-13.wav
Sadness,ravdess_speech_audio/Actor_13/03-01-04-02-01-02-13.wav
Sadness,ravdess_speech_audio/Actor_13/03-01-04-02-02-01-13.wav
Sadness,ravdess_speech_audio/Actor_13/03-01-04-02-02-02-13.wav
Anger,ravdess_speech_audio/Actor_13/03-01-05-01-01-01-13.wav
Anger,ravdess_speech_audio/Actor_13/03-01-05-01-01-02-13.wav
Anger,ravdess_speech_audio/Actor_13/03-01-05-01-02-01-13.wav
Anger,ravdess_speech_audio/Actor_13/03-01-05-01-02-02-13.wav
Anger,ravdess_speech_audio/Actor_13/03-01-05-02-01-01-13.wav
Anger,ravdess_speech_audio/Actor_13/03-01-05-02-01-02-13.wav
Anger,ravdess_speech_audio/Actor_13/03-01-05-02-02-01-13.wav
Anger,ravdess_speech_audio/Actor_13/03-01-05-02-02-02-13.wav
Fear,ravdess_speech_audio/Actor_13/03-01-06-01-01-01-13.wav
Fear,ravdess_speech_audio/Actor_13/03-01-06-01-01-02-13.wav
Fear,ravdess_speech_audio/Actor_13/03-01-06-01-02-01-13.wav
Fear,ravdess_speech_audio/Actor_13/03-01-06-01-02-02-13.wav
Fear,ravdess_speech_audio/Actor_13/03-01-06-02-01-01-13.wav
Fear,ravdess_speech_audio/Actor_13/03-01-06-02-01-02-13.wav
Fear,ravdess_speech_audio/Actor_13/03-01-06-02-02-01-13.wav
Fear,ravdess_speech_audio/Actor_13/03-01-06-02-02-02-13.wav
Neutral,ravdess_speech_audio/Actor_14/03-01-01-01-01-01-14.wav
Neutral,ravdess_speech_audio/Actor_14/03-01-01-01-01-02-14.wav
Neutral,ravdess_speech_audio/Actor_14/03-01-01-01-02-01-14.wav
Neutral,ravdess_speech_audio/Actor_14/03-01-01-01-02-02-14.wav
Sadness,ravdess_speech_audio/Actor_14/03-01-04-01-01-01-14.wav
Sadness,ravdess_speech_audio/Actor_14/03-01-04-01-01-02-14.wav
Sadness,ravdess_speech_audio/Actor_14/03-01-04-01-02-01-14.wav
Sadness,ravdess_speech_audio/Actor_14/03-01-04-01-02-02-14.wav
Sadness,ravdess_speech_audio/Actor_14/03-01-04-02-01-01-14.wav
Sadness,ravdess_speech_audio/Actor_14/03-01-04-02-01-02-14.wav
Sadness,ravdess_speech_audio/Actor_14/03-01-04-02-02-01-14.wav
Sadness,ravdess_speech_audio/Actor_14/03-01-04-02-02-02-14.wav
Anger,ravdess_speech_audio/Actor_14/03-01-05-01-01-01-14.wav
Anger,ravdess_speech_audio/Actor_14/03-01-05-01-01-02-14.wav
Anger,ravdess_speech_audio/Actor_14/03-01-05-01-02-01-14.wav
Anger,ravdess_speech_audio/Actor_14/03-01-05-01-02-02-14.wav
Anger,ravdess_speech_audio/Actor_14/03-01-05-02-01-01-14.wav
Anger,ravdess_speech_audio/Actor_14/03-01-05-02-01-02-14.wav
Anger,ravdess_speech_audio/Actor_14/03-01-05-02-02-01-14.wav
Anger,ravdess_speech_audio/Actor_14/03-01-05-02-02-02-14.wav
Fear,ravdess_speech_audio/Actor_14/03-01-06-01-01-01-14.wav
Fear,ravdess_speech_audio/Actor_14/03-01-06-01-01-02-14.wav
Fear,ravdess_speech_audio/Actor_14/03-01-06-01-02-01-14.wav
Fear,ravdess_speech_audio/Actor_14/03-01-06-01-02-02-14.wav
Fear,ravdess_speech_audio/Actor_14/03-01-06-02-01-01-14.wav
Fear,ravdess_speech_audio/Actor_14/03-01-06-02-01-02-14.wav
Fear,ravdess_speech_audio/Actor_14/03-01-06-02-02-01-14.wav
Fear,ravdess_speech_audio/Actor_14/03-01-06-02-02-02-14.wav
Neutral,ravdess_speech_audio/Actor_15/03-01-01-01-01-01-15.wav
Neutral,ravdess_speech_audio/Actor_15/03-01-01-01-01-02-15.wav
Neutral,ravdess_speech_audio/Actor_15/03-01-01-01-02-01-15.wav
Neutral,ravdess_speech_audio/Actor_15/03-01-01-01-02-02-15.wav
Sadness,ravdess_speech_audio/Actor_15/03-01-04-01-01-01-15.wav
Sadness,ravdess_speech_audio/Actor_15/03-01-04-01-01-02-15.wav
Sadness,ravdess_speech_audio/Actor_15/03-01-04-01-02-01-15.wav
Sadness,ravdess_speech_audio/Actor_15/03-01-04-01-02-02-15.wav
Sadness,ravdess_speech_audio/Actor_15/03-01-04-02-01-01-15.wav
Sadness,ravdess_speech_audio/Actor_15/03-01-04-02-01-02-15.wav
Sadness,ravdess_speech_audio/Actor_15/03-01-04-02-02-01-15.wav
Sadness,ravdess_speech_audio/Actor_15/03-01-04-02-02-02-15.wav
Anger,ravdess_speech_audio/Actor_15/03-01-05-01-01-01-15.wav
Anger,ravdess_speech_audio/Actor_15/03-01-05-01-01-02-15.wav
Anger,ravdess_speech_audio/Actor_15/03-01-05-01-02-01-15.wav
Anger,ravdess_speech_audio/Actor_15/03-01-05-01-02-02-15.wav
Anger,ravdess_speech_audio/Actor_15/03-01-05-02-01-01-15.wav
Anger,ravdess_speech_audio/Actor_15/03-01-05-02-01-02-15.wav
Anger,ravdess_speech_audio/Actor_15/03-01-05-02-02-01-15.wav
Anger,ravdess_speech_audio/Actor_15/03-01-05-02-02-02-15.wav
Fear,ravdess_speech_audio/Actor_15/03-01-06-01-01-01-15.wav
Fear,ravdess_speech_audio/Actor_15/03-01-06-01-01-02-15.wav
Fear,ravdess_speech_audio/Actor_15/03-01-06-01-02-01-15.wav
Fear,ravdess_speech_audio/Actor_15/03-01-06-01-02-02-15.wav
Fear,ravdess_speech_audio/Actor_15/03-01-06-02-01-01-15.wav
Fear,ravdess_speech_audio/Actor_15/03-01-06-02-01-02-15.wav
Fear,ravdess_speech_audio/Actor_15/03-01-06-02-02-01-15.wav
Fear,ravdess_speech_audio/Actor_15/03-01-06-02-02-02-15.wav
Neutral,ravdess_speech_audio/Actor_16/03-01-01-01-01-01-16.wav
Neutral,ravdess_speech_audio/Actor_16/03-01-01-01-01-02-16.wav
Neutral,ravdess_speech_audio/Actor_16/03-01-01-01-02-01-16.wav
Neutral,ravdess_speech_audio/Actor_16/03-01-01-01-02-02-16.wav
Sadness,ravdess_speech_audio/Actor_16/03-01-04-01-01-01-16.wav
Sadness,ravdess_speech_audio/Actor_16/03-01-04-01-01-02-16.wav
Sadness,ravdess_speech_audio/Actor_16/03-01-04-01-02-01-16.wav
Sadness,ravdess_speech_audio/Actor_16/03-01-04-01-02-02-16.wav
Sadness,ravdess_speech_audio/Actor_16/03-01-04-02-01-01-16.wav
Sadness,ravdess_speech_audio/Actor_16/03-01-04-02-01-02-16.wav
Sadness,ravdess_speech_audio/Actor_16/03-01-04-02-02-01-16.wav
Sadness,ravdess_speech_audio/Actor_16/03-01-04-02-02-02-16.wav
Anger,ravdess_speech_audio/Actor_16/03-01-05-01-01-01-16.wav
Anger,ravdess_speech_audio/Actor_16/03-01-05-01-01-02-16.wav
Anger,ravdess_speech_audio/Actor_16/03-01-05-01-02-01-16.wav
Anger,ravdess_speech_audio/Actor_16/03-01-05-01-02-02-16.wav
Anger,ravdess_speech_audio/Actor_16/03-01-05-02-01-01-16.wav
Anger,ravdess_speech_audio/Actor_16/03-01-05-02-01-02-16.wav
Anger,ravdess_speech_audio/Actor_16/03-01-05-02-02-01-16.wav
Anger,ravdess_speech_audio/Actor_16/03-01-05-02-02-02-16.wav
Fear,ravdess_speech_audio/Actor_16/03-01-06-01-01-01-16.wav
Fear,ravdess_speech_audio/Actor_16/03-01-06-01-01-02-16.wav
Fear,ravdess_speech_audio/Actor_16/03-01-06-01-02-01-16.wav
Fear,ravdess_speech_audio/Actor_16/03-01-06-01-02-02-16.wav
Fear,ravdess_speech_audio/Actor_16/03-01-06-02-01-01-16.wav
Fear,ravdess_speech_audio/Actor_16/03-01-06-02-01-02-16.wav
Fear,ravdess_speech_audio/Actor_16/03-01-06-02-02-01-16.wav
Fear,ravdess_speech_audio/Actor_16/03-01-06-02-02-02-16.wav
Neutral,ravdess_speech_audio/Actor_17/03-01-01-01-01-01-17.wav
Neutral,ravdess_speech_audio/Actor_17/03-01-01-01-01-02-17.wav
Neutral,ravdess_speech_audio/Actor_17/03-01-01-01-02-01-17.wav
Neutral,ravdess_speech_audio/Actor_17/03-01-01-01-02-02-17.wav
Sadness,ravdess_speech_audio/Actor_17/03-01-04-01-01-01-17.wav
Sadness,ravdess_speech_audio/Actor_17/03-01-04-01-01-02-17.wav
Sadness,ravdess_speech_audio/Actor_17/03-01-04-01-02-01-17.wav
Sadness,ravdess_speech_audio/Actor_17/03-01-04-01-02-02-17.wav
Sadness,ravdess_speech_audio/Actor_17/03-01-04-02-01-01-17.wav
Sadness,ravdess_speech_audio/Actor_17/03-01-04-02-01-02-17.wav
Sadness,ravdess_speech_audio/Actor_17/03-01-04-02-02-01-17.wav
Sadness,ravdess_speech_audio/Actor_17/03-01-04-02-02-02-17.wav
Anger,ravdess_speech_audio/Actor_17/03-01-05-01-01-01-17.wav
Anger,ravdess_speech_audio/Actor_17/03-01-05-01-01-02-17.wav
Anger,ravdess_speech_audio/Actor_17/03-01-05-01-02-01-17.wav
Anger,ravdess_speech_audio/Actor_17/03-01-05-01-02-02-17.wav
Anger,ravdess_speech_audio/Actor_17/03-01-05-02-01-01-17.wav
Anger,ravdess_speech_audio/Actor_17/03-01-05-02-01-02-17.wav
Anger,ravdess_speech_audio/Actor_17/03-01-05-02-02-01-17.wav
Anger,ravdess_speech_audio/Actor_17/03-01-05-02-02-02-17.wav
Fear,ravdess_speech_audio/Actor_17/03-01-06-01-01-01-17.wav
Fear,ravdess_speech_audio/Actor_17/03-01-06-01-01-02-17.wav
Fear,ravdess_speech_audio/Actor_17/03-01-06-01-02-01-17.wav
Fear,ravdess_speech_audio/Actor_17/03-01-06-01-02-02-17.wav
Fear,ravdess_speech_audio/Actor_17/03-01-06-02-01-01-17.wav
Fear,ravdess_speech_audio/Actor_17/03-01-06-02-01-02-17.wav
Fear,ravdess_speech_audio/Actor_17/03-01-06-02-02-01-17.wav
Fear,ravdess_speech_audio/Actor_17/03-01-06-02-02-02-17.wav
Neutral,ravdess_speech_audio/Actor_18/03-01-01-01-01-01-18.wav
Neutral,ravdess_speech_audio/Actor_18/03-01-01-01-01-02-18.wav
Neutral,ravdess_speech_audio/Actor_18/03-01-01-01-02-01-18.wav
Neutral,ravdess_speech_audio/Actor_18/03-01-01-01-02-02-18.wav
Sadness,ravdess_speech_audio/Actor_18/03-01-04-01-01-01-18.wav
Sadness,ravdess_speech_audio/Actor_18/03-01-04-01-01-02-18.wav
Sadness,ravdess_speech_audio/Actor_18/03-01-04-01-02-01-18.wav
Sadness,ravdess_speech_audio/Actor_18/03-01-04-01-02-02-18.wav
Sadness,ravdess_speech_audio/Actor_18/03-01-04-02-01-01-18.wav
Sadness,ravdess_speech_audio/Actor_18/03-01-04-02-01-02-18.wav
Sadness,ravdess_speech_audio/Actor_18/03-01-04-02-02-01-18.wav
Sadness,ravdess_speech_audio/Actor_18/03-01-04-02-02-02-18.wav
Anger,ravdess_speech_audio/Actor_18/03-01-05-01-01-01-18.wav
Anger,ravdess_speech_audio/Actor_18/03-01-05-01-01-02-18.wav
Anger,ravdess_speech_audio/Actor_18/03-01-05-01-02-01-18.wav
Anger,ravdess_speech_audio/Actor_18/03-01-05-01-02-02-18.wav
Anger,ravdess_speech_audio/Actor_18/03-01-05-02-01-01-18.wav
Anger,ravdess_speech_audio/Actor_18/03-01-05-02-01-02-18.wav
Anger,ravdess_speech_audio/Actor_18/03-01-05-02-02-01-18.wav
Anger,ravdess_speech_audio/Actor_18/03-01-05-02-02-02-18.wav
Fear,ravdess_speech_audio/Actor_18/03-01-06-01-01-01-18.wav
Fear,ravdess_speech_audio/Actor_18/03-01-06-01-01-02-18.wav
Fear,ravdess_speech_audio/Actor_18/03-01-06-01-02-01-18.wav
Fear,ravdess_speech_audio/Actor_18/03-01-06-01-02-02-18.wav
Fear,ravdess_speech_audio/Actor_18/03-01-06-02-01-01-18.wav
Fear,ravdess_speech_audio/Actor_18/03-01-06-02-01-02-18.wav
Fear,ravdess_speech_audio/Actor_18/03-01-06-02-02-01-18.wav
Fear,ravdess_speech_audio/Actor_18/03-01-06-02-02-02-18.wav
Neutral,ravdess_speech_audio/Actor_19/03-01-01-01-01-01-19.wav
Neutral,ravdess_speech_audio/Actor_19/03-01-01-01-01-02-19.wav
Neutral,ravdess_speech_audio/Actor_19/03-01-01-01-02-01-19.wav
Neutral,ravdess_speech_audio/Actor_19/03-01-01-01-02-02-19.wav
Sadness,ravdess_speech_audio/Actor_19/03-01-04-01-01-01-19.wav
Sadness,ravdess_speech_audio/Actor_19/03-01-04-01-01-02-19.wav
Sadness,ravdess_speech_audio/Actor_19/03-01-04-01-02-01-19.wav
Sadness,ravdess_speech_audio/Actor_19/03-01-04-01-02-02-19.wav
Sadness,ravdess_speech_audio/Actor_19/03-01-04-02-01-01-19.wav
Sadness,ravdess_speech_audio/Actor_19/03-01-04-02-01-02-19.wav
Sadness,ravdess_speech_audio/Actor_19/03-01-04-02-02-01-19.wav
Sadness,ravdess_speech_audio/Actor_19/03-01-04-02-02-02-19.wav
Anger,ravdess_speech_audio/Actor_19/03-01-05-01-01-01-19.wav
Anger,ravdess_speech_audio/Actor_19/03-01-05-01-01-02-19.wav
Anger,ravdess_speech_audio/Actor_19/03-01-05-01-02-01-19.wav
Anger,ravdess_speech_audio/Actor_19/03-01-05-01-02-02-19.wav
Anger,ravdess_speech_audio/Actor_19/03-01-05-02-01-01-19.wav
Anger,ravdess_speech_audio/Actor_19/03-01-05-02-01-02-19.wav
Anger,ravdess_speech_audio/Actor_19/03-01-05-02-02-01-19.wav
Anger,ravdess_speech_audio/Actor_19/03-01-05-02-02-02-19.wav
Fear,ravdess_speech_audio/Actor_19/03-01-06-01-01-01-19.wav
Fear,ravdess_speech_audio/Actor_19/03-01-06-01-01-02-19.wav
Fear,ravdess_speech_audio/Actor_19/03-01-06-01-02-01-19.wav
Fear,ravdess_speech_audio/Actor_19/03-01-06-01-02-02-19.wav
Fear,ravdess_speech_audio/Actor_19/03-01-06-02-01-01-19.wav
Fear,ravdess_speech_audio/Actor_19/03-01-06-02-01-02-19.wav
Fear,ravdess_speech_audio/Actor_19/03-01-06-02-02-01-19.wav
Fear,ravdess_speech_audio/Actor_19/03-01-06-02-02-02-19.wav
Neutral,ravdess_speech_audio/Actor_20/03-01-01-01-01-01-20.wav
Neutral,ravdess_speech_audio/Actor_20/03-01-01-01-01-02-20.wav
Neutral,ravdess_speech_audio/Actor_20/03-01-01-01-02-01-20.wav
Neutral,ravdess_speech_audio/Actor_20/03-01-01-01-02-02-20.wav
Sadness,ravdess_speech_audio/Actor_20/03-01-04-01-01-01-20.wav
Sadness,ravdess_speech_audio/Actor_20/03-01-04-01-01-02-20.wav
Sadness,ravdess_speech_audio/Actor_20/03-01-04-01-02-01-20.wav
Sadness,ravdess_speech_audio/Actor_20/03-01-04-01-02-02-20.wav
Sadness,ravdess_speech_audio/Actor_20/03-01-04-02-01-01-20.wav
Sadness,ravdess_speech_audio/Actor_20/03-01-04-02-01-02-20.wav
Sadness,ravdess_speech_audio/Actor_20/03-01-04-02-02-01-20.wav
Sadness,ravdess_speech_audio/Actor_20/03-01-04-02-02-02-20.wav
Anger,ravdess_speech_audio/Actor_20/03-01-05-01-01-01-20.wav
Anger,ravdess_speech_audio/Actor_20/03-01-05-01-01-02-20.wav
Anger,ravdess_speech_audio/Actor_20/03-01-05-01-02-01-20.wav
Anger,ravdess_speech_audio/Actor_20/03-01-05-01-02-02-20.wav
Anger,ravdess_speech_audio/Actor_20/03-01-05-02-01-01-20.wav
Anger,ravdess_speech_audio/Actor_20/03-01-05-02-01-02-20.wav
Anger,ravdess_speech_audio/Actor_20/03-01-05-02-02-01-20.wav
Anger,ravdess_speech_audio/Actor_20/03-01-05-02-02-02-20.wav
Fear,ravdess_speech_audio/Actor_20/03-01-06-01-01-01-20.wav
Fear,ravdess_speech_audio/Actor_20/03-01-06-01-01-02-20.wav
Fear,ravdess_speech_audio/Actor_20/03-01-06-01-02-01-20.wav
Fear,ravdess_speech_audio/Actor_20/03-01-06-01-02-02-20.wav
Fear,ravdess_speech_audio/Actor_20/03-01-06-02-01-01-20.wav
Fear,ravdess_speech_audio/Actor_20/03-01-06-02-01-02-20.wav
Fear,ravdess_speech_audio/Actor_20/03-01-06-02-02-01-20.wav
Fear,ravdess_speech_audio/Actor_20/03-01-06-02-02-02-20.wav
Neutral,ravdess_speech_audio/Actor_21/03-01-01-01-01-01-21.wav
Neutral,ravdess_speech_audio/Actor_21/03-01-01-01-01-02-21.wav
Neutral,ravdess_speech_audio/Actor_21/03-01-01-01-02-01-21.wav
Neutral,ravdess_speech_audio/Actor_21/03-01-01-01-02-02-21.wav
Sadness,ravdess_speech_audio/Actor_21/03-01-04-01-01-01-21.wav
Sadness,ravdess_speech_audio/Actor_21/03-01-04-01-01-02-21.wav
Sadness,ravdess_speech_audio/Actor_21/03-01-04-01-02-01-21.wav
Sadness,ravdess_speech_audio/Actor_21/03-01-04-01-02-02-21.wav
Sadness,ravdess_speech_audio/Actor_21/03-01-04-02-01-01-21.wav
Sadness,ravdess_speech_audio/Actor_21/03-01-04-02-01-02-21.wav
Sadness,ravdess_speech_audio/Actor_21/03-01-04-02-02-01-21.wav
Sadness,ravdess_speech_audio/Actor_21/03-01-04-02-02-02-21.wav
Anger,ravdess_speech_audio/Actor_21/03-01-05-01-01-01-21.wav
Anger,ravdess_speech_audio/Actor_21/03-01-05-01-01-02-21.wav
Anger,ravdess_speech_audio/Actor_21/03-01-05-01-02-01-21.wav
Anger,ravdess_speech_audio/Actor_21/03-01-05-01-02-02-21.wav
Anger,ravdess_speech_audio/Actor_21/03-01-05-02-01-01-21.wav
Anger,ravdess_speech_audio/Actor_21/03-01-05-02-01-02-21.wav
Anger,ravdess_speech_audio/Actor_21/03-01-05-02-02-01-21.wav
Anger,ravdess_speech_audio/Actor_21/03-01-05-02-02-02-21.wav
Fear,ravdess_speech_audio/Actor_21/03-01-06-01-01-01-21.wav
Fear,ravdess_speech_audio/Actor_21/03-01-06-01-01-02-21.wav
Fear,ravdess_speech_audio/Actor_21/03-01-06-01-02-01-21.wav
Fear,ravdess_speech_audio/Actor_21/03-01-06-01-02-02-21.wav
Fear,ravdess_speech_audio/Actor_21/03-01-06-02-01-01-21.wav
Fear,ravdess_speech_audio/Actor_21/03-01-06-02-01-02-21.wav
Fear,ravdess_speech_audio/Actor_21/03-01-06-02-02-01-21.wav
Fear,ravdess_speech_audio/Actor_21/03-01-06-02-02-02-21.wav
Neutral,ravdess_speech_audio/Actor_22/03-01-01-01-01-01-22.wav
Neutral,ravdess_speech_audio/Actor_22/03-01-01-01-01-02-22.wav
Neutral,ravdess_speech_audio/Actor_22/03-01-01-01-02-01-22.wav
Neutral,ravdess_speech_audio/Actor_22/03-01-01-01-02-02-22.wav
Sadness,ravdess_speech_audio/Actor_22/03-01-04-01-01-01-22.wav
Sadness,ravdess_speech_audio/Actor_22/03-01-04-01-01-02-22.wav
Sadness,ravdess_speech_audio/Actor_22/03-01-04-01-02-01-22.wav
Sadness,ravdess_speech_audio/Actor_22/03-01-04-01-02-02-22.wav
Sadness,ravdess_speech_audio/Actor_22/03-01-04-02-01-01-22.wav
Sadness,ravdess_speech_audio/Actor_22/03-01-04-02-01-02-22.wav
Sadness,ravdess_speech_audio/Actor_22/03-01-04-02-02-01-22.wav
Sadness,ravdess_speech_audio/Actor_22/03-01-04-02-02-02-22.wav
Anger,ravdess_speech_audio/Actor_22/03-01-05-01-01-01-22.wav
Anger,ravdess_speech_audio/Actor_22/03-01-05-01-01-02-22.wav
Anger,ravdess_speech_audio/Actor_22/03-01-05-01-02-01-22.wav
Anger,ravdess_speech_audio/Actor_22/03-01-05-01-02-02-22.wav
Anger,ravdess_speech_audio/Actor_22/03-01-05-02-01-01-22.wav
Anger,ravdess_speech_audio/Actor_22/03-01-05-02-01-02-22.wav
Anger,ravdess_speech_audio/Actor_22/03-01-05-02-02-01-22.wav
Anger,ravdess_speech_audio/Actor_22/03-01-05-02-02-02-22.wav
Fear,ravdess_speech_audio/Actor_22/03-01-06-01-01-01-22.wav
Fear,ravdess_speech_audio/Actor_22/03-01-06-01-01-02-22.wav
Fear,ravdess_speech_audio/Actor_22/03-01-06-01-02-01-22.wav
Fear,ravdess_speech_audio/Actor_22/03-01-06-01-02-02-22.wav
Fear,ravdess_speech_audio/Actor_22/03-01-06-02-01-01-22.wav
Fear,ravdess_speech_audio/Actor_22/03-01-06-02-01-02-22.wav
Fear,ravdess_speech_audio/Actor_22/03-01-06-02-02-01-22.wav
Fear,ravdess_speech_audio/Actor_22/03-01-06-02-02-02-22.wav
Neutral,ravdess_speech_audio/Actor_23/03-01-01-01-01-01-23.wav
Neutral,ravdess_speech_audio/Actor_23/03-01-01-01-01-02-23.wav
Neutral,ravdess_speech_audio/Actor_23/03-01-01-01-02-01-23.wav
Neutral,ravdess_speech_audio/Actor_23/03-01-01-01-02-02-23.wav
Sadness,ravdess_speech_audio/Actor_23/03-01-04-01-01-01-23.wav
Sadness,ravdess_speech_audio/Actor_23/03-01-04-01-01-02-23.wav
Sadness,ravdess_speech_audio/Actor_23/03-01-04-01-02-01-23.wav
Sadness,ravdess_speech_audio/Actor_23/03-01-04-01-02-02-23.wav
Sadness,ravdess_speech_audio/Actor_23/03-01-04-02-01-01-23.wav
Sadness,ravdess_speech_audio/Actor_23/03-01-04-02-01-02-23.wav
Sadness,ravdess_speech_audio/Actor_23/03-01-04-02-02-01-23.wav
Sadness,ravdess_speech_audio/Actor_23/03-01-04-02-02-02-23.wav
Anger,ravdess_speech_audio/Actor_23/03-01-05-01-01-01-23.wav
Anger,ravdess_speech_audio/Actor_23/03-01-05-01-01-02-23.wav
Anger,ravdess_speech_audio/Actor_23/03-01-05-01-02-01-23.wav
Anger,ravdess_speech_audio/Actor_23/03-01-05-01-02-02-23.wav
Anger,ravdess_speech_audio/Actor_23/03-01-05-02-01-01-23.wav
Anger,ravdess_speech_audio/Actor_23/03-01-05-02-01-02-23.wav
Anger,ravdess_speech_audio/Actor_23/03-01-05-02-02-01-23.wav
Anger,ravdess_speech_audio/Actor_23/03-01-05-02-02-02-23.wav
Fear,ravdess_speech_audio/Actor_23/03-01-06-01-01-01-23.wav
Fear,ravdess_speech_audio/Actor_23/03-01-06-01-01-02-23.wav
Fear,ravdess_speech_audio/Actor_23/03-01-06-01-02-01-23.wav
Fear,ravdess_speech_audio/Actor_23/03-01-06-01-02-02-23.wav
Fear,ravdess_speech_audio/Actor_23/03-01-06-02-01-01-23.wav
Fear,ravdess_speech_audio/Actor_23/03-01-06-02-01-02-23.wav
Fear,ravdess_speech_audio/Actor_23/03-01-06-02-02-01-23.wav
Fear,ravdess_speech_audio/Actor_23/03-01-06-02-02-02-23.wav
Neutral,ravdess_speech_audio/Actor_24/03-01-01-01-01-01-24.wav
Neutral,ravdess_speech_audio/Actor_24/03-01-01-01-01-02-24.wav
Neutral,ravdess_speech_audio/Actor_24/03-01-01-01-02-01-24.wav
Neutral,ravdess_speech_audio/Actor_24/03-01-01-01-02-02-24.wav
Sadness,ravdess_speech_audio/Actor_24/03-01-04-01-01-01-24.wav
Sadness,ravdess_speech_audio/Actor_24/03-01-04-01-01-02-24.wav
Sadness,ravdess_speech_audio/Actor_24/03-01-04-01-02-01-24.wav
Sadness,ravdess_speech_audio/Actor_24/03-01-04-01-02-02-24.wav
Sadness,ravdess_speech_audio/Actor_24/03-01-04-02-01-01-24.wav
Sadness,ravdess_speech_audio/Actor_24/03-01-04-02-01-02-24.wav
Sadness,ravdess_speech_audio/Actor_24/03-01-04-02-02-01-24.wav
Sadness,ravdess_speech_audio/Actor_24/03-01-04-02-02-02-24.wav
Anger,ravdess_speech_audio/Actor_24/03-01-05-01-01-01-24.wav
Anger,ravdess_speech_audio/Actor_24/03-01-05-01-01-02-24.wav
Anger,ravdess_speech_audio/Actor_24/03-01-05-01-02-01-24.wav
Anger,ravdess_speech_audio/Actor_24/03-01-05-01-02-02-24.wav
Anger,ravdess_speech_audio/Actor_24/03-01-05-02-01-01-24.wav
Anger,ravdess_speech_audio/Actor_24/03-01-05-02-01-02-24.wav
Anger,ravdess_speech_audio/Actor_24/03-01-05-02-02-01-24.wav
Anger,ravdess_speech_audio/Actor_24/03-01-05-02-02-02-24.wav
Fear,ravdess_speech_audio/Actor_24/03-01-06-01-01-01-24.wav
Fear,ravdess_speech_audio/Actor_24/03-01-06-01-01-02-24.wav
Fear,ravdess_speech_audio/Actor_24/03-01-06-01-02-01-24.wav
Fear,ravdess_speech_audio/Actor_24/03-01-06-01-02-02-24.wav
Fear,ravdess_speech_audio/Actor_24/03-01-06-02-01-01-24.wav
Fear,ravdess_speech_audio/Actor_24/03-01-06-02-01-02-24.wav
Fear,ravdess_speech_audio/Actor_24/03-01-06-02-02-01-24.wav
Fear,ravdess_speech_audio/Actor_24/03-01-06-02-02-02-24.wav
